Date ,OPEN ,HIGH ,LOW ,PREV. CLOSE ,ltp ,close ,vwap ,52W H ,52W L ,VOLUME ,No of trades 
2-Dec-21,474.5,478.15,470.95,475.3,477.6,477,474.72,542.3,244.1,12962679,189218
1-Dec-21,464.45,477.25,464,460.55,475.9,475.3,470.57,542.3,244.1,17156956,192988
30-Nov-21,468,477.25,458,465.1,459.1,460.55,467.26,542.3,244.1,23026652,283930
29-Nov-21,470,477.75,454.3,470.5,466.2,465.1,467.79,542.3,244.1,22407465,310952
26-Nov-21,486.25,487.9,467.1,490.55,470,470.5,475.02,542.3,238.1,26305817,379366
25-Nov-21,490,495.45,486.3,493.15,492,490.55,491.77,542.3,238.1,12894211,160207
24-Nov-21,495.8,500,489.05,493.05,490,493.15,496.27,542.3,238.1,13963769,194560
23-Nov-21,485.25,495.4,480,486.4,492.8,493.05,490.18,542.3,238.1,20000371,232054
22-Nov-21,506,506,477.5,503.8,487,486.4,489.05,542.3,238.1,28800269,383770
18-Nov-21,499.1,506.2,492.3,498.15,503.35,503.8,500.73,542.3,231,22471070,276780
17-Nov-21,493.85,505.4,491,495.1,497.6,498.15,500.32,542.3,231,20488483,275972
16-Nov-21,507.4,507.4,493.5,506.55,494.25,495.1,499.96,542.3,231,19553216,292914
15-Nov-21,512.4,515.9,505.5,511.35,507.4,506.55,509.14,542.3,231,13328183,186098
12-Nov-21,512,513,502.7,509.6,510.95,511.35,509,542.3,217.05,19836221,259734
11-Nov-21,522.85,522.85,507.1,524.4,509.9,509.6,513.93,542.3,217.05,23086898,404691
10-Nov-21,525.55,528.5,521.5,529.15,523.7,524.4,524.92,542.3,217.05,15805538,233636
9-Nov-21,526.25,532,522.2,523.25,529,529.15,528.31,542.3,217.05,25451967,263483
8-Nov-21,534.45,534.45,516.45,530.45,523.6,523.25,524.29,542.3,217.05,36802110,434185
4-Nov-21,531.5,535.9,528.05,527.65,530.8,530.45,532.2,542.3,190.05,9796046,154034
3-Nov-21,524,542.3,515.2,521.7,530.9,527.65,529.74,542.3,190.05,80775924,664904
2-Nov-21,514.8,525,512.05,515.7,522,521.7,519.23,526.85,190.05,26797820,292700
1-Nov-21,508.5,516.95,501,502.15,515.3,515.7,509.46,526.85,190.05,20679604,232409
29-Oct-21,501.5,512.65,488.4,501.35,504,502.15,502.7,526.85,185.9,31355893,374125
28-Oct-21,519.6,520.55,497.6,519.15,503.7,501.35,508.7,526.85,185.9,28140401,260970
27-Oct-21,513.7,526.85,512.75,512.55,518,519.15,521.13,526.85,185.9,29463032,301253
26-Oct-21,507.6,518.2,507.6,506.5,512.75,512.55,513.42,518.2,185.9,21107457,233424
25-Oct-21,506.5,515.45,497.85,502.95,507.1,506.5,508.7,515.45,185.9,35619415,383621
22-Oct-21,504.6,508.7,500,502.95,502.5,502.95,504.16,508.7,185.9,24080485,226890
21-Oct-21,504.9,506.5,491.75,499.9,504.45,502.95,500.34,507.5,185.9,20808243,237992
20-Oct-21,488.8,507.5,483.1,488.2,501.2,499.9,499.79,507.5,185.9,34080545,330756
19-Oct-21,500.35,504.2,483.25,497.95,488.7,488.2,496.47,504.2,185.9,20645100,222035
18-Oct-21,494,501,491.7,490.6,496.95,497.95,496.52,501,185.9,20084248,242361
14-Oct-21,482,493.9,482,481.7,489,490.6,489.36,493.9,185.9,23431826,285093
13-Oct-21,486.15,486.15,478,483,480.3,481.7,482.03,486.15,185.9,17638983,193982
12-Oct-21,470,484.4,468.1,469.25,483,483,477.21,484.4,185.9,33763609,358816
11-Oct-21,460,474.95,458.65,458,470,469.25,467.63,474.95,185.9,20686981,216624
8-Oct-21,461.9,464,454.25,457.9,460.05,458,458.23,471.9,185.9,16521128,203056
7-Oct-21,462.1,464,457.1,457.2,458.8,457.9,460.4,471.9,185.9,9984651,125318
6-Oct-21,465,471,453.65,464.7,456.85,457.2,462.34,471.9,185.9,19056690,212608
5-Oct-21,462,469,458.7,463.15,463.7,464.7,462.56,471.9,185.9,16487568,173621
4-Oct-21,453.8,464.4,451.6,451.65,462.5,463.15,459.53,471.9,185.9,16246765,165717
1-Oct-21,448.5,455.55,443.8,453,452,451.65,451.04,471.9,182.4,14777309,155872
30-Sep-21,459.95,464.9,451.4,460,453,453,456.78,471.9,182.4,26530369,263399
29-Sep-21,441.85,462.3,439.1,444.9,459.7,460,455.43,471.9,182.4,38635938,276232
28-Sep-21,449.2,455.8,439.6,446.6,444.65,444.9,448.31,471.9,182.4,19241170,199169
27-Sep-21,444.9,450.55,442.25,440.75,446,446.6,447.06,471.9,182.4,11746892,153034
24-Sep-21,451.1,451.9,440,449.8,440.65,440.75,443.93,471.9,175.5,10731274,131592
23-Sep-21,442.4,451.15,442.05,438.85,450,449.8,448.38,471.9,175.5,20516770,205927
22-Sep-21,438.9,442.8,436.1,438.8,439.9,438.85,439.41,471.9,175.5,14321143,163766
21-Sep-21,440.15,441.35,432.65,437.45,439.55,438.8,436.88,471.9,175.5,17279588,187042
20-Sep-21,449.4,453.5,435.65,454.1,436.9,437.45,444.85,471.9,175.5,18376916,224634
17-Sep-21,468,471.9,450.35,463.7,453.25,454.1,459.32,471.9,175.5,41529478,365811
16-Sep-21,444.85,466.1,442.75,443.85,465,463.7,455.79,467.45,175.5,42637448,389525
15-Sep-21,433,445,431.45,433,444.2,443.85,439.44,467.45,175.5,22181568,227051
14-Sep-21,435,436.75,432.25,432.85,432.95,433,434.37,467.45,175.5,9981562,119218
13-Sep-21,430.1,433.8,428.8,432.3,432.95,432.85,431.52,467.45,175.5,9567921,124293
9-Sep-21,430.25,433.8,430,431.35,432.2,432.3,431.98,467.45,175.5,9662128,107886
8-Sep-21,429,435.4,427.35,429.1,431.7,431.35,432.35,467.45,175.5,22817464,306026
7-Sep-21,431.05,431.7,425.1,431.05,428,429.1,428.45,467.45,175.5,14928735,144265
6-Sep-21,432,433.85,430.05,431.4,431,431.05,431.6,467.45,175.5,10694099,131557
3-Sep-21,431.25,434.3,428.2,429.75,430.65,431.4,431.22,467.45,175.5,14233624,157635
2-Sep-21,431.4,433.5,427.75,429.9,429.6,429.75,430.31,467.45,175.5,14372717,182837
1-Sep-21,427.5,432.55,425.15,426.05,428.65,429.9,429.49,467.45,175.5,18776721,196144
31-Aug-21,423.85,427,418.7,422.7,425.6,426.05,423.86,467.45,175.5,26262421,189725
30-Aug-21,414.4,423.3,413.5,412.45,422.9,422.7,419.59,467.45,175.5,20308691,161311
27-Aug-21,410.35,414.35,407.5,410.75,411.5,412.45,411.43,467.45,175.5,15090541,162131
26-Aug-21,414.5,415.8,410,416.25,410.35,410.75,412.61,467.45,175.5,15897679,153279
25-Aug-21,419,421.3,414.3,417.6,416.15,416.25,417.37,467.45,175.5,16410980,170349
24-Aug-21,409.5,418.75,408.2,409.5,417.05,417.6,415.09,467.45,175.5,19012313,233092
23-Aug-21,411.1,413,401.25,406.7,408.6,409.5,408.45,467.45,175.5,26559937,229422
20-Aug-21,415,417.35,405.15,419.7,406,406.7,411.06,467.45,175.5,25541790,286336
18-Aug-21,422.15,424.35,418,421.5,418.9,419.7,421.3,467.45,175.5,17668574,265793
17-Aug-21,424.85,425.85,415.25,424.85,420.95,421.5,420.55,467.45,175.5,22957877,258740
16-Aug-21,430,434,424,431.2,424.2,424.85,427.58,467.45,175.5,17608693,191627
13-Aug-21,427.6,432.25,425,427.15,430.75,431.2,428.35,467.45,175.5,20908992,212003
12-Aug-21,430,430.45,425,428.05,427.6,427.15,427.18,467.45,175.5,16847144,172042
11-Aug-21,429.8,432.9,423.15,426.45,428.3,428.05,427.76,467.45,175.5,23827946,224842
10-Aug-21,434.4,436.4,421.7,433.4,426.25,426.45,428.74,467.45,175.5,27794251,281618
9-Aug-21,437.9,441.8,431,435.65,433.9,433.4,436.36,467.45,175.5,22196404,205816
6-Aug-21,443.7,447,434,441.85,437.2,435.65,439.14,467.45,175.5,38236066,310897
5-Aug-21,461,462.5,438.4,456.95,441.95,441.85,447.34,467.45,175.5,58595639,468281
4-Aug-21,448.65,467.45,441.5,446.5,456.15,456.95,455.02,467.45,175.5,129761158,897920
3-Aug-21,434.95,447.9,433.6,434.9,446,446.5,441.77,447.9,175.5,40922962,334983
2-Aug-21,434.75,436.7,431.8,431.8,434.35,434.9,434.63,444.4,175.5,16926025,175314
30-Jul-21,441.5,444.4,430.7,441.55,432.2,431.8,434.61,444.4,175.5,35196813,285719
29-Jul-21,426,443.6,425.5,425.5,443.1,441.55,435.48,443.6,175.5,35263606,332592
28-Jul-21,430,430.5,421.05,429.95,424.8,425.5,424.98,441.95,175.5,17636515,188398
27-Jul-21,424.15,433.25,424,423.3,429.2,429.95,430,441.95,175.5,24119619,199224
26-Jul-21,427.8,427.8,422.3,428.9,422.85,423.3,424.32,441.95,175.5,14037519,153835
23-Jul-21,422.9,429.95,419.5,422.05,428.5,428.9,424.32,441.95,175.5,17704661,158647
22-Jul-21,425.55,426.7,420.9,420.9,422.25,422.05,424.24,441.95,175.5,11799761,145497
20-Jul-21,427,427,418.9,427.9,421,420.9,422.47,441.95,175.5,14623321,175334
19-Jul-21,423.4,429.45,418.85,430,428.5,427.9,426.05,441.95,175.5,14426686,142972
16-Jul-21,432,432.5,427.45,431.7,430.6,430,429.67,441.95,175.5,8713863,86998
15-Jul-21,432.7,432.95,429.65,431.05,431.65,431.7,431.53,441.95,175.5,11030732,126999
14-Jul-21,429,432.3,426.4,429.1,431.2,431.05,429.74,441.95,175.5,12767351,157944
13-Jul-21,430,431.8,428.3,427.45,428.85,429.1,429.95,441.95,175.5,12831125,116776
12-Jul-21,426.5,430.25,424.6,423.75,427.6,427.45,427.88,441.95,175.5,12886781,130234
9-Jul-21,425,427.5,421.05,424.45,423.8,423.75,423.87,441.95,175.5,16844494,158445
8-Jul-21,432.8,435.4,422.1,432.85,424.5,424.45,429.03,441.95,175.5,21433043,215558
7-Jul-21,429.35,434,427.55,429.75,433,432.85,431,441.95,175.5,14473774,130765
6-Jul-21,431.7,436.5,428.2,432.65,429.3,429.75,433.45,441.95,175.5,20195278,209939
5-Jul-21,426.5,434.5,424.25,424.4,433.7,432.65,428.55,441.95,175.5,16483761,153743
2-Jul-21,420.3,425.4,419,420.4,424.8,424.4,422.72,441.95,175.5,16423811,150826
1-Jul-21,420.3,423.7,417.15,419.2,421.2,420.4,420.97,441.95,175.5,16161469,146987
30-Jun-21,423,424.9,418.3,421.5,419,419.2,422.01,441.95,175.5,18337773,166062
29-Jun-21,427.5,428.95,420.55,426.75,421.4,421.5,423.98,441.95,175.5,22275961,199410
28-Jun-21,430.7,433.15,424.55,428.8,426.45,426.75,427.91,441.95,175.5,29370660,226087
25-Jun-21,421,431,419.05,417.2,428.65,428.8,426.03,441.95,175.5,29886797,237815
24-Jun-21,420.35,422.75,416.3,418.85,418.25,417.2,419.42,441.95,175.5,19214547,171615
23-Jun-21,421.1,424.75,415,418.65,418.8,418.85,420.54,441.95,175.5,27564829,219929
22-Jun-21,423,425.45,417.3,419.75,418.25,418.65,422.18,441.95,175.5,28442965,238271
21-Jun-21,406.35,421,400.5,412.9,419.1,419.75,411.51,441.95,175.5,33128978,300583
18-Jun-21,423.9,423.9,402.65,420.25,414.5,412.9,410.77,441.95,169.25,45748727,482106
17-Jun-21,421,425.95,416.6,425.95,419.7,420.25,421.98,441.95,169.25,23048331,218316
16-Jun-21,428,432.75,425,429.5,425.6,425.95,428.25,441.95,169.25,19701175,167477
15-Jun-21,429.2,432.8,428,430.35,429.2,429.5,430.4,441.95,169.25,16413658,162940
14-Jun-21,427,432.45,416.7,429.6,430,430.35,424.94,441.95,169.25,30106015,279081
11-Jun-21,434.85,435.5,425.25,432.25,429.4,429.6,430.04,441.95,169.25,26831924,211915
10-Jun-21,424.9,433.3,422.4,421.45,432.4,432.25,428.67,441.95,169.25,27397712,211924
9-Jun-21,427.5,432.3,418.2,427.2,421.95,421.45,426.58,441.95,169.25,27784834,241080
8-Jun-21,432.25,432.5,424,432.25,427.4,427.2,427.47,441.95,169.25,31113823,247824
7-Jun-21,435.1,437.4,430.8,433.6,431.3,432.25,434.78,441.95,169.25,20201197,174837
4-Jun-21,437.5,441.9,431.75,439.65,434.3,433.6,436.25,441.95,163.35,36898769,331404
3-Jun-21,437,441.95,433.5,437.25,439.05,439.65,437.3,441.95,163.35,38909199,281959
2-Jun-21,430.8,437.95,429.15,432.55,437.2,437.25,434.97,437.95,163.35,38657806,307884
1-Jun-21,426.05,435.35,425.6,424.35,432.55,432.55,430.82,435.35,163.35,59299647,442654
31-May-21,421,426,418,422.05,424.5,424.35,422.9,433.65,163.35,38291043,275082
28-May-21,430.5,433.65,420.05,425.2,422,422.05,426.46,433.65,150.2,65137568,423239
27-May-21,413.7,429.1,412,413.55,426.8,425.2,419.8,429.1,150.2,73392997,442431
26-May-21,413.8,418.75,410.8,412.35,412,413.55,415.44,427.7,150.2,52357719,339506
25-May-21,415.1,415.5,408.5,412.05,414.1,412.35,411.05,427.7,150.2,56048127,348160
24-May-21,417,419.2,405.3,401.2,411,412.05,411.75,427.7,150.2,142964052,846514
21-May-21,390,404.4,378,384.55,404,401.2,393.52,427.7,149.45,192810772,1121959
20-May-21,387,387.8,382,384.4,386.8,384.55,384.42,427.7,149.45,42898608,331759
19-May-21,382,389.5,381.2,382.25,384.4,384.4,385.63,427.7,149.45,48189573,346200
18-May-21,390,392.55,380.05,383.1,382.95,382.25,385.07,427.7,149.45,70917710,483711
17-May-21,364.4,385.2,363.65,360.45,384.45,383.1,376.9,427.7,149.45,106555796,654529
14-May-21,370,372.5,359.55,367.7,360.6,360.45,365.59,427.7,149.45,51722170,358985
12-May-21,362.8,373.5,361.9,364.65,367.75,367.7,368.18,427.7,149.45,53436590,320184
11-May-21,356.85,366.4,354.75,361.7,364.1,364.65,362.8,427.7,149.45,41892770,229841
10-May-21,360.5,367,358.8,358.25,362.3,361.7,362.87,427.7,149.45,41739324,260322
7-May-21,357.5,362,353,355.55,358,358.25,357.21,427.7,149.45,38357618,224225
6-May-21,358,359.35,350.55,355.4,355.85,355.55,354.51,427.7,149.45,36294427,217872
5-May-21,356.5,357.45,348,351.5,356.45,355.4,354.45,427.7,149.45,40872501,244000
4-May-21,355,362.9,350.2,350.6,351.1,351.5,357.53,427.7,149.45,57749307,342742
3-May-21,349.6,352.5,341.4,353.5,351.45,350.6,347.45,427.7,149.45,43691860,313847
30-Apr-21,353.45,362.5,350.45,359.4,352.3,353.5,357.11,427.7,149.45,53832840,296959
29-Apr-21,365,369.95,355.5,363.4,357.45,359.4,361.26,427.7,149.45,63692926,348461
28-Apr-21,357,364.3,356.05,353.05,362.9,363.4,361.63,427.7,149.45,56696255,337002
27-Apr-21,344,354.95,342.4,344.3,354.2,353.05,349.42,427.7,149.45,46003023,293357
26-Apr-21,339.25,347.45,339.25,336.45,344.8,344.3,345.26,427.7,149.45,49234985,306217
23-Apr-21,331.65,339.9,331.65,336.65,335.4,336.45,336.47,427.7,149.45,44223940,272666
22-Apr-21,326,337.65,323.3,329.5,336.25,336.65,332.72,427.7,149.45,49105833,279445
20-Apr-21,335.1,339.9,326.7,331.15,329.4,329.5,333.65,427.7,149.45,41296147,248595
19-Apr-21,327.15,332.05,321.3,339.9,330.45,331.15,326.36,427.7,149.45,53304377,396759
16-Apr-21,343,345.5,338.65,342.7,339.55,339.9,342.01,427.7,149.45,37766793,237384
15-Apr-21,342.1,347.55,336.1,341,342.55,342.7,341.7,427.7,149.45,52992349,325566
13-Apr-21,332,342.25,330.5,328.85,341.25,341,336.4,427.7,149.45,49773360,319183
12-Apr-21,344,344,322.55,353,330.7,328.85,329.89,427.7,149.45,75501713,579319
9-Apr-21,354.4,364.5,351.2,355.6,352.95,353,357.3,427.7,149.45,46473100,303846
8-Apr-21,361,363.3,354.3,358.55,355.95,355.6,358.65,427.7,149.45,33370259,221845
7-Apr-21,351.25,363.2,347.6,350.55,358.2,358.55,358.22,427.7,149.45,48023602,323113
6-Apr-21,355.7,357,349.3,353.55,350.95,350.55,353.1,427.7,149.45,44147709,273760
5-Apr-21,367.5,369.2,349.05,370.65,354,353.55,355.21,427.7,149.45,51743981,382160
1-Apr-21,367.7,371.9,363.1,364.3,370.95,370.65,367.07,427.7,149.45,31883453,201211
31-Mar-21,360.3,367.85,357.95,360.8,364.5,364.3,363.98,427.7,149.45,38651025,298129
30-Mar-21,360.1,364.3,356.3,357.2,360.5,360.8,360.57,427.7,149.45,39407496,340842
26-Mar-21,360,362,354.55,355.2,358.5,357.2,358.14,427.7,149.45,40718848,407233
25-Mar-21,360,360.85,345.2,359.85,356.3,355.2,353.03,427.7,149.45,57495003,438853
24-Mar-21,368.5,369.05,358.65,372.7,360.1,359.85,363.63,427.7,149.45,42318999,385721
23-Mar-21,368.7,377.95,367.05,367,372.3,372.7,372.08,427.7,149.45,41032380,304725
22-Mar-21,372,372.8,363.5,371.15,367.6,367,367.73,427.7,149.45,28461974,242100
19-Mar-21,363.95,372.9,357.25,367.1,372.4,371.15,366.26,427.7,149.45,60309145,400389
18-Mar-21,371.5,375,361.1,368.15,368.2,367.1,368.98,427.7,149.45,39405038,285769
17-Mar-21,378.2,379.65,366.05,378.55,366.9,368.15,373.37,427.7,149.45,33143064,298083
16-Mar-21,385.6,387.85,376.1,383.9,378.9,378.55,380.21,427.7,149.45,38196452,300656
15-Mar-21,382.5,386,369.35,381.1,385.6,383.9,375.54,427.7,149.45,42722976,414882
12-Mar-21,391.7,393.2,377.5,387.7,381.1,381.1,385.33,427.7,149.45,35336355,296998
10-Mar-21,391.1,393,385.7,387.6,388.2,387.7,388.21,427.7,149.45,22677399,187380
9-Mar-21,393.45,394.9,382.25,389.6,387.9,387.6,389.13,427.7,149.45,28054083,220873
8-Mar-21,388.45,393.4,386.05,383.65,390.1,389.6,389.52,427.7,149.45,39147858,297783
5-Mar-21,395,395,378.1,395.65,385.35,383.65,384.66,427.7,149.45,72179228,599426
4-Mar-21,398.7,403.5,394.45,405.05,396.8,395.65,399.48,427.7,149.45,43603653,285942
3-Mar-21,396.5,408.9,396,394.2,404.7,405.05,404.09,427.7,149.45,46268223,326940
2-Mar-21,395,399.55,390.55,394.95,394.8,394.2,394.42,427.7,149.45,30534337,249193
1-Mar-21,395.1,397.7,391,390.15,395.2,394.95,394.72,427.7,149.45,29677890,245987
26-Feb-21,399.5,401,387,407.25,391.25,390.15,393.88,427.7,149.45,64450414,536209
25-Feb-21,411,414.9,406.55,406.25,407.4,407.25,410.68,427.7,149.45,46988836,355281
24-Feb-21,397,410.5,395.2,395.6,407.7,406.25,404.08,427.7,149.45,39632090,340087
23-Feb-21,392,399.7,389,389.5,395.6,395.6,395.45,427.7,149.45,45462768,342766
22-Feb-21,400.6,401,385.65,399.55,387.95,389.5,392.32,427.7,149.45,52535049,443311
19-Feb-21,415,415,395,415.2,400.6,399.55,405.06,427.7,149.45,66155518,479710
18-Feb-21,425.05,427.7,413.7,411.75,415.25,415.2,419.02,427.7,149.45,67154539,583049
17-Feb-21,403,414.85,400.15,402.35,413.4,411.75,410.54,415.75,149.45,74161370,499222
16-Feb-21,412,415.75,400.3,406.95,402.9,402.35,407.39,415.75,149.45,80365431,574557
15-Feb-21,397.5,409.45,395.7,393.15,409,406.95,403.08,409.45,149.45,56608937,439746
12-Feb-21,391,399.35,385.55,390.15,392.95,393.15,392.34,408.35,149.45,53589755,406441
11-Feb-21,391.8,396.95,388.25,392.25,390.9,390.15,391.61,408.35,149.45,36392708,263431
10-Feb-21,394.05,397.9,388,394.8,393.15,392.25,392.67,408.35,149.45,54163507,395057
9-Feb-21,396.75,403.5,389,397.05,393.6,394.8,396.65,408.35,149.45,63869990,473516
8-Feb-21,398,407.8,394.75,393.1,395.85,397.05,400.46,408.35,149.45,79389205,577218
5-Feb-21,387,408.35,385.15,355.1,395,393.1,397.71,408.35,149.45,214955688,1155236
4-Feb-21,334.4,358,331.1,335.95,357.95,355.1,343.11,358,149.45,145203439,799597
3-Feb-21,333.75,339.9,325.8,333.1,335.75,335.95,334.1,339.9,149.45,66420168,464739
2-Feb-21,315,337.4,315,310.7,331.4,333.1,325.89,337.4,149.45,121434166,696797
1-Feb-21,285.1,313.9,282.75,282.1,313,310.7,300.59,331.9,149.45,103414068,571788
29-Jan-21,285.6,290.65,279.1,282.35,281.75,282.1,283.48,331.9,149.45,42300984,257824
28-Jan-21,271.9,283.35,269.5,275.65,282.9,282.35,277.04,331.9,149.45,48717297,280797
27-Jan-21,280.2,284.85,272.7,280.95,275,275.65,278.67,331.9,149.45,39211107,275743
25-Jan-21,284.5,288,277.05,283.7,281,280.95,283.38,331.9,149.45,34034630,246225
22-Jan-21,295.5,298,282.4,294.85,284.4,283.7,289.3,331.9,149.45,44440810,287829
21-Jan-21,304,305.15,291.5,302.55,296.8,294.85,300.2,331.9,149.45,29995203,214429
20-Jan-21,298.8,304.7,296.85,298.6,302.2,302.55,301.07,331.9,149.45,33759304,215324
19-Jan-21,297.65,302.5,296.4,294.45,298.4,298.6,299.11,331.9,149.45,35803901,226098
18-Jan-21,303.5,308.65,292.2,303.85,292.45,294.45,299.23,331.9,149.45,54969750,332808
15-Jan-21,306.8,310.9,301.3,307.25,303.95,303.85,306.2,335.45,149.45,35307601,277615
14-Jan-21,306.7,309.25,303.8,306.8,307.7,307.25,307.16,335.45,149.45,40123498,244731
13-Jan-21,296,308,294.5,292.5,305.95,306.8,301.17,335.45,149.45,78042133,413038
12-Jan-21,280,293.85,277.9,282.5,293.2,292.5,286.89,335.45,149.45,44307145,275857
11-Jan-21,288,288.2,279.6,286,282.8,282.5,282.5,335.45,149.45,29703173,209864
8-Jan-21,290.1,291.4,285.2,287.7,285.9,286,288.25,337.95,149.45,32543357,169736
7-Jan-21,289,291.8,287,285.05,288,287.7,289.15,337.95,149.45,30546600,183684
6-Jan-21,283,289.15,281.4,281.75,283.9,285.05,285.76,337.95,149.45,40765708,224327
5-Jan-21,278.05,282.45,277,281.05,281.4,281.75,279.69,337.95,149.45,27393072,155149
4-Jan-21,281.85,283.9,277.75,279.4,281.1,281.05,281.41,337.95,149.45,31450608,171760
1-Jan-21,274.9,280,274.4,274.95,279.05,279.4,278.33,339.85,149.45,24531791,141601
31-Dec-20,275,277.25,272.6,276.9,274.4,274.95,275.29,339.85,149.45,29467966,183603
30-Dec-20,278,278.7,272.5,277.9,275.5,276.9,275.47,339.85,149.45,30971894,163939
29-Dec-20,276.3,279.9,274.7,275.2,277.75,277.9,277.56,339.85,149.45,45032526,237470
28-Dec-20,268.75,276,268,266.85,275.75,275.2,272.23,339.85,149.45,36870242,203967
24-Dec-20,265,268.85,264.65,263,266.85,266.85,267.02,339.85,149.45,28585509,167695
23-Dec-20,256.95,263.9,255.6,257.45,263,263,261.14,339.85,149.45,29056404,171296
22-Dec-20,254.8,258.7,248.25,254.7,257.15,257.45,254.2,339.85,149.45,51189571,288750
21-Dec-20,268.45,269,251.05,271.45,254.1,254.7,260.31,339.85,149.45,55160758,311254
18-Dec-20,267.7,271.95,265,267.7,271.35,271.45,268.3,339.85,149.45,29816205,159604
17-Dec-20,270,272.15,266.7,269.4,267.35,267.7,269.19,339.85,149.45,25904699,146174
16-Dec-20,272.8,273.65,268.5,270.65,269.35,269.4,270.58,339.85,149.45,24844177,150489
15-Dec-20,274.05,274.05,268.15,274.2,270.55,270.65,270.4,339.85,149.45,34890948,207937
14-Dec-20,274,276.15,272.35,272.45,274.25,274.2,274.69,339.85,149.45,31946501,200577
11-Dec-20,270.05,276.25,270.05,269.55,272.5,272.45,273.03,339.85,149.45,50255223,219426
10-Dec-20,269,271,265.55,270.35,270,269.55,267.91,339.85,149.45,38676657,191259
9-Dec-20,272.1,274.9,269.2,271.9,270.25,270.35,271.89,339.85,149.45,48495641,224768
8-Dec-20,270.95,273.7,265.25,269.6,270.75,271.9,269.92,339.85,149.45,65617502,288470
7-Dec-20,263.8,271.45,263,263.5,269.5,269.6,267.33,339.85,149.45,76053084,298030
4-Dec-20,257,264.35,253.55,256.3,264.05,263.5,259.18,344.6,149.45,79252024,332166
3-Dec-20,249.3,259,248,246.95,256.4,256.3,255.15,344.6,149.45,79266442,361390
2-Dec-20,248.35,250.85,244.1,248.05,246.55,246.95,247.75,344.6,149.45,56723083,221604
1-Dec-20,245,248.95,244.25,244.25,247.65,248.05,246.58,344.6,149.45,37003272,186048
27-Nov-20,245.45,246.25,242.05,245.45,244.2,244.25,243.85,351,149.45,54355703,222385
26-Nov-20,244,246.25,240.15,243,245.75,245.45,243.28,351,149.45,64248318,241631
25-Nov-20,245.45,249.9,241.6,243.85,243,243,246.09,351,149.45,74767232,306740
24-Nov-20,240.5,245,239.5,238.7,244.4,243.85,241.91,351,149.45,47636611,238186
23-Nov-20,243.5,246.15,238.1,242.75,238.6,238.7,240.76,351,149.45,57538324,258879
20-Nov-20,241.5,245.4,233.95,239.75,242,242.75,239.89,351,149.45,84411129,371175
19-Nov-20,248,251.8,239,252,239.5,239.75,245.83,351,149.45,82284278,402167
18-Nov-20,239.4,253,237.9,240.2,252.6,252,246.44,351,149.45,104514060,481980
17-Nov-20,231.85,241.6,231,229.65,241.35,240.2,237.24,351,149.45,80501583,338168
14-Nov-20,232,232.9,227.75,229.45,228.05,229.65,230.98,351,149.45,7753219,73521
13-Nov-20,225,230.65,220.1,226.8,230.6,229.45,225.16,351,149.45,70676525,301034
12-Nov-20,233.2,233.35,225.65,234.2,227.05,226.8,229.08,351,149.45,58859905,308734
11-Nov-20,232.75,239.35,227.75,231.7,234.5,234.2,234.23,351,149.45,107094861,449281
10-Nov-20,223.1,235,223,219.5,232,231.7,229.3,351,149.45,135294550,595627
9-Nov-20,222.5,222.65,217.05,219.2,219.6,219.5,219.29,351,149.45,60359458,250337
6-Nov-20,219,221.85,217.05,218.65,218.1,219.2,219.15,351,149.45,73147085,292489
5-Nov-20,216,221,214.75,207,218.5,218.65,218.33,351,149.45,138023646,568119
4-Nov-20,203.5,209,198.05,204.75,205.5,207,204.28,351,149.45,117577856,486009
3-Nov-20,198,205.8,197.6,196.05,204.35,204.75,202.38,351,149.45,69890201,338507
2-Nov-20,192.2,197.25,190.05,189.25,196,196.05,194.16,351,149.45,52600119,254510
30-Oct-20,189.35,192,186.15,188.7,189.9,189.25,189.11,351,149.45,41520135,186311
29-Oct-20,189.35,190.7,185.9,190.45,189.3,188.7,188.17,351,149.45,44823105,238791
28-Oct-20,195,195,189.05,194.65,190.5,190.45,191.54,351,149.45,46462213,259437
27-Oct-20,197.25,197.55,192.25,196.7,194.45,194.65,194.96,351,149.45,37802664,177545
26-Oct-20,202.7,204,195.6,202.8,197,196.7,199.33,351,149.45,45471498,213023
23-Oct-20,204,205.6,201.55,203.3,202.45,202.8,203.2,351,149.45,32708098,143175
22-Oct-20,201.9,204.6,201.1,203.75,203.6,203.3,203.1,351,149.45,33721761,156779
21-Oct-20,204.7,207.3,198.85,203.05,204,203.75,204.08,351,149.45,54516482,248104
20-Oct-20,201,204.35,200.7,204,202.95,203.05,202.74,351,149.45,39317197,175146
19-Oct-20,196.2,204.6,196.05,195.95,204,204,201.65,351,149.45,60223657,323960
16-Oct-20,194,196.75,191.6,192.85,195.7,195.95,194.69,351,149.45,36894938,191841
15-Oct-20,201,202.5,192,200.05,192.8,192.85,197.72,351,149.45,49184944,238796
14-Oct-20,194.05,200.9,193.05,195.7,199.1,200.05,196.49,351,149.45,40550062,198041
13-Oct-20,198.65,200,195.1,198.7,195.5,195.7,197.22,351,149.45,34949604,182813
12-Oct-20,199.7,205.95,197.25,198.3,199,198.7,201.34,351,149.45,69125880,331018
9-Oct-20,192,198.8,190.55,191.5,198.55,198.3,195.31,351,149.45,64908374,277207
8-Oct-20,191.35,195.8,190.55,190.7,191.6,191.5,193.41,351,149.45,43351954,203970
7-Oct-20,192.55,193.15,189.1,191.6,190.95,190.7,190.96,351,149.45,34578821,150721
6-Oct-20,191.1,192.1,188.3,188.75,191.7,191.6,190.22,351,149.45,31098807,161429
5-Oct-20,192,193.8,187.05,190.3,189.45,188.75,190.39,351,149.45,41694812,184563
1-Oct-20,187,191.2,186.9,185.4,190.2,190.3,189.71,351,149.45,43589041,195571
30-Sep-20,185.05,186.8,182.4,185.05,185.2,185.4,184.91,351,149.45,37642302,159069
29-Sep-20,188.5,188.95,183.25,187.25,185.3,185.05,185.23,351,149.45,35688939,146100
28-Sep-20,184,188.15,183.35,182.2,187.45,187.25,186.34,351,149.45,41921659,195148
25-Sep-20,179,182.75,176.15,176.35,182.25,182.2,179.71,351,149.45,46550618,213017
24-Sep-20,181.1,181.8,175.5,183.8,176.45,176.35,178.59,351,149.45,46115352,286558
23-Sep-20,188.15,188.95,181,186.2,184.15,183.8,184.03,351,149.45,44321881,233546
22-Sep-20,186.15,188.3,181.15,185.8,187,186.2,185.25,351,149.45,51216440,278193
21-Sep-20,193.05,193.5,184.25,192.6,185.4,185.8,188.77,351,149.45,57614739,311832
18-Sep-20,196,197.2,189.7,195.45,192.95,192.6,193.79,351,149.45,55286449,263886
17-Sep-20,197,198,195,198.2,195.7,195.45,196.19,351,149.45,41226058,297990
16-Sep-20,199.85,200.05,196.25,200.15,198,198.2,198.06,351,149.45,52407160,348569
15-Sep-20,199.9,201,197.1,198.5,199.8,200.15,199.05,351,149.45,51762796,193091
14-Sep-20,205.9,206.2,197.35,202.7,198.2,198.5,201.65,351,149.45,63606706,299382
11-Sep-20,198.55,203.85,197,198.15,203.7,202.7,199.89,351,149.45,48488142,233409
10-Sep-20,197.7,201.45,195.2,194.85,198.55,198.15,198.48,351,149.45,67790247,305442
9-Sep-20,201.1,201.4,192.5,204.05,195.7,194.85,195.68,351,149.45,72716962,414595
8-Sep-20,207.9,208.5,202.9,207.9,203.25,204.05,206.55,351,149.45,34147081,168151
7-Sep-20,207.5,209.65,205.4,206.6,208.25,207.9,207.62,351,149.45,35687677,185712
4-Sep-20,210,212.3,205.9,213.15,207.5,206.6,208.61,351,149.45,54435819,261047
3-Sep-20,217.5,218.25,212.3,216.25,213.3,213.15,214.54,351,149.45,38595597,195109
2-Sep-20,218.25,219,212.3,218.1,216.3,216.25,214.67,351,149.45,47608719,224862
1-Sep-20,213.1,218.9,211.2,212,218.7,218.1,215.58,351,149.45,75048317,330635
31-Aug-20,231.55,231.55,210.35,224.85,211.9,212,219.31,351,149.45,119990567,562903
28-Aug-20,217,225.9,216.8,215.65,225.4,224.85,222.03,351,149.45,95983850,420611
27-Aug-20,210.5,216.5,210.5,209.85,216,215.65,214.22,351,149.45,80999489,450426
26-Aug-20,208.5,210.35,206.15,207.95,209.9,209.85,208.62,351,149.45,66750983,304925
25-Aug-20,204,208.45,202.7,201.45,208.25,207.95,206.34,351,149.45,105397006,475915
24-Aug-20,200,202.8,198.6,198.4,201.05,201.45,200.76,351,149.45,53866579,250904
21-Aug-20,199,201.5,197.65,194.75,198.1,198.4,199.63,351,149.45,68047789,304905
20-Aug-20,194,196.35,193.25,197.05,194.95,194.75,194.88,351,149.45,37505379,193765
19-Aug-20,196.4,200.3,195.9,195.1,197.2,197.05,198.53,351,149.45,59302164,265310
18-Aug-20,193.8,195.75,191.7,193.1,195.1,195.1,193.66,351,149.45,46295650,215268
17-Aug-20,198.45,198.65,191.5,196.5,193.45,193.1,193.46,351,149.45,54788249,278249
14-Aug-20,203,204,194.6,201.9,196.8,196.5,199.28,351,149.45,56176117,263498
13-Aug-20,205.5,207.3,200.75,203.3,202.35,201.9,203.84,351,149.45,70443500,298211
12-Aug-20,196,204.25,194.6,195.05,203.5,203.3,201.71,351,149.45,157820882,635995
11-Aug-20,195,196.8,193.75,193.8,195.45,195.05,195.21,351,149.45,43892064,187086
10-Aug-20,191.85,195.5,191.7,190.65,193.75,193.8,194.04,351,149.45,48785067,217990
7-Aug-20,191.45,192.1,189.55,190.95,190.85,190.65,190.9,351,149.45,44822757,186761
6-Aug-20,192.3,194.5,190.25,191.45,191.15,190.95,192.34,351,149.45,59740299,239032
5-Aug-20,192.75,196.85,191,191.6,191.8,191.45,193.91,351,149.45,68888954,271605
4-Aug-20,193.35,193.8,190.5,192.25,191.95,191.6,191.84,351,149.45,43867110,176987
3-Aug-20,192,194.6,190.05,191.45,192.3,192.25,192.68,351,149.45,72457670,308823
31-Jul-20,188,194.85,186.7,186.55,191.05,191.45,191.75,351,149.45,145903102,567541
30-Jul-20,192.5,193.5,186.05,191.2,186.85,186.55,189.37,351,149.45,48478733,231416
29-Jul-20,187.6,195.25,187,189.45,191.05,191.2,192.35,351,149.45,73766851,310167
28-Jul-20,188,190.5,185.75,187.15,188.75,189.45,188.19,351,149.45,51490418,218359
27-Jul-20,193,193.2,186.5,191.95,187.3,187.15,188.31,351,149.45,50714366,253742
24-Jul-20,195.7,196.3,190.65,198.25,191.95,191.95,192.79,359.55,149.45,65266228,277739
23-Jul-20,192.4,199.1,191.15,192,198.25,198.25,195.98,359.55,149.45,70802269,303119
22-Jul-20,195.7,196.75,190.1,194.4,192.15,192,192.7,359.55,149.45,62276770,265443
21-Jul-20,192.45,196.2,191.5,190.75,194.5,194.4,194,359.55,149.45,59286092,274154
20-Jul-20,190,193.25,188.75,188.2,190.55,190.75,191.29,359.55,149.45,45680606,232252
17-Jul-20,186.8,189.5,185,186.25,189.5,188.2,186.87,373.8,149.45,47035751,214673
16-Jul-20,185,186.95,181.65,183.8,186,186.25,184.69,373.8,149.45,46549518,222270
15-Jul-20,187.95,189.95,183,186.05,184.5,183.8,186.97,373.8,149.45,58528072,257119
14-Jul-20,192.3,192.3,184.6,192.7,186.35,186.05,187.11,373.8,149.45,62243325,308731
13-Jul-20,198.8,199.8,191.6,195.6,193,192.7,194.57,373.8,149.45,61952344,271373
10-Jul-20,198,202.5,194.8,199.1,195.5,195.6,198.49,373.8,149.45,111410003,501575
9-Jul-20,192.8,201,192.55,191.9,199.85,199.1,196.73,373.8,149.45,89540860,394257
8-Jul-20,188.9,197.45,188.4,188.6,191.7,191.9,194.17,373.8,149.45,143083196,620914
7-Jul-20,187,189.2,184.05,188.05,188,188.6,186.66,373.8,149.45,55124984,245296
6-Jul-20,186.6,189.85,186.15,184.7,187.9,188.05,188.35,373.8,149.45,43789749,215925
3-Jul-20,186.65,186.85,183.4,185.45,184.65,184.7,184.82,373.8,149.45,38050996,169515
2-Jul-20,185.65,188,184,184.8,185.6,185.45,186.13,373.8,149.45,52127613,251208
1-Jul-20,179.45,185.4,178.6,178.45,184.6,184.8,182.86,373.8,149.45,54015536,248849
30-Jun-20,181.1,182.9,177.25,179.25,179.05,178.45,179.88,373.8,149.45,43616291,211383
29-Jun-20,183,183.1,178.5,184.6,179.45,179.25,179.99,373.8,149.45,50967079,268482
26-Jun-20,188,188.6,183.8,185.25,184.65,184.6,185.69,373.8,149.45,49178705,213443
25-Jun-20,182.2,186.8,180.4,184.6,185.7,185.25,184.27,373.8,149.45,73626947,337252
24-Jun-20,194.8,194.9,183.9,192.45,184.5,184.6,189.87,373.8,149.45,74670206,374457
23-Jun-20,189.6,193.1,187.85,187.7,192.95,192.45,191.05,373.8,149.45,65487726,318473
22-Jun-20,185,191.75,184.25,184.5,187.9,187.7,188.68,373.8,149.45,80024673,412445
19-Jun-20,180.3,184.95,179.5,179.65,184.25,184.5,182.93,373.8,149.45,76897890,324544
18-Jun-20,172.4,180.65,171.1,172.95,180,179.65,176.37,373.8,149.45,58262367,274070
17-Jun-20,171,176.2,169.25,172.9,172.8,172.95,173.19,373.8,149.45,73867145,337640
16-Jun-20,178,178.95,169.4,173.7,172.55,172.9,174.16,373.8,149.45,63929925,295248
15-Jun-20,177.85,177.85,172,179.15,173.55,173.7,174.05,373.8,149.45,63617286,314930
12-Jun-20,170,180,169.8,177.15,178.85,179.15,174.57,373.8,149.45,92761694,424338
11-Jun-20,188,190.4,176.35,187.7,177.2,177.15,183.03,373.8,149.45,91729798,478372
10-Jun-20,184.55,189,183.8,184.45,188.8,187.7,186.08,373.8,149.45,67335901,330207
9-Jun-20,187.7,191,183.35,186.8,183.75,184.45,187.15,373.8,149.45,96656234,462962
8-Jun-20,197,197.5,185.8,187.8,186.5,186.8,191.97,373.8,149.45,151750421,727718
5-Jun-20,176.55,189.8,176,174.05,189.25,187.8,182.62,373.8,149.45,201325176,858150
4-Jun-20,174.9,177.65,171.5,174.9,174.5,174.05,174.31,373.8,149.45,83495015,384768
3-Jun-20,172.5,179.9,172,170.25,174.65,174.9,176.2,373.8,149.45,113173574,539428
2-Jun-20,169.9,171.3,167.2,170.05,170.55,170.25,169.27,373.8,149.45,70422258,325940
1-Jun-20,164,171.4,163.35,161.3,169.9,170.05,168.77,373.8,149.45,92742124,437760
29-May-20,156.1,161.9,155.2,158.2,161.3,161.3,159.32,373.8,149.45,58368035,291350
28-May-20,159.45,162.4,156.7,158.6,157.9,158.2,159.38,373.8,149.45,76970390,364211
27-May-20,151.95,160.8,150.8,151.4,158.6,158.6,155.74,373.8,149.45,88206678,380745
26-May-20,152.4,153.2,150.2,150.85,151.6,151.4,151.82,373.8,149.45,48281208,248836
22-May-20,152,155.6,149.45,151.95,151.1,150.85,151.9,373.8,149.45,87069955,485367
21-May-20,153.65,156.15,151.5,153.4,152,151.95,154.02,373.8,151.15,61150189,358655
20-May-20,153,155.25,151.15,152.8,153.6,153.4,152.99,373.8,151.15,66178068,339861
19-May-20,157.5,157.85,152.4,155.3,153.05,152.8,154.9,373.8,152.4,71522983,402913
18-May-20,166.4,166.4,155,166.4,155.45,155.3,157.74,373.8,155,77350889,585750
15-May-20,167.95,168.25,164.7,167.95,166.45,166.4,166.17,373.8,160.85,35498484,225551
14-May-20,170.95,171.75,167.5,174.1,168.3,167.95,169.36,373.8,160.85,48137099,277659
13-May-20,178.55,178.55,170.5,166.9,174.5,174.1,174.09,373.8,160.85,81721884,409330
12-May-20,164.2,168.5,160.85,165.45,167.1,166.9,163.7,373.8,160.85,70752913,412383
11-May-20,167.95,168.9,165,166.65,165.25,165.45,166.54,373.8,165,54594499,358472
8-May-20,172.45,173.8,166.1,170.75,166.9,166.65,169.16,373.8,166.1,55935527,387275
7-May-20,170.85,172.55,168.8,171.1,170.95,170.75,170.58,373.8,166.55,42944139,270188
6-May-20,171.15,173.3,166.55,170.4,171.95,171.1,170.24,373.8,166.55,73156881,446943
5-May-20,181,181.25,168.8,178.85,171.4,170.4,174.56,373.8,168.8,91050629,637656
4-May-20,182.45,183.5,178,190.5,179.3,178.85,179.95,373.8,173.55,58122608,488730
30-Apr-20,193.5,195.9,189.7,190.1,190.2,190.5,193.16,373.8,173.55,63069460,366664
29-Apr-20,185,191.8,183.5,184.3,189.55,190.1,187.61,373.8,173.55,57470639,310886
28-Apr-20,182,185.35,181.2,180.9,184.5,184.3,183.38,373.8,173.55,49590249,224161
27-Apr-20,183.5,183.5,180.5,179.75,181,180.9,181.89,373.8,173.55,43003001,228810
24-Apr-20,184,184,179,186.7,180.15,179.75,181.25,373.8,173.55,65146846,416448
23-Apr-20,187.75,189.9,185.15,188.7,186.2,186.7,187.59,373.8,173.55,50957437,293810
22-Apr-20,185.5,189.5,181.35,184.75,187.85,188.7,185.69,373.8,173.55,61503792,330480
21-Apr-20,188,188.2,183,192.5,185,184.75,185.45,373.8,173.55,53043573,312425
20-Apr-20,194,197.35,190.05,193.25,192.1,192.5,193.79,373.8,173.55,81961666,443580
17-Apr-20,196,198,186.3,188.5,192.9,193.25,191.2,373.8,173.55,89858053,490326
16-Apr-20,182,189.9,180.25,182.35,189.1,188.5,185.39,373.8,173.55,61165997,355374
15-Apr-20,187,191.95,180.15,183.5,183,182.35,186.79,373.8,173.55,72190294,434961
13-Apr-20,186.8,188.7,183.1,187.75,184.05,183.5,184.91,373.8,173.55,51847574,290728
9-Apr-20,188,190,183.6,183,187.55,187.75,187.2,373.8,173.55,62417301,366071
8-Apr-20,182.9,194.4,180.45,186.4,182.8,183,186.6,373.8,173.55,80436673,501541
7-Apr-20,184.4,187.3,177.6,175.5,185.75,186.4,182.25,373.8,173.55,72133717,486914
3-Apr-20,187.55,188.2,175,186.55,176,175.5,178.56,373.8,173.55,64455937,589657
1-Apr-20,194,194.5,185.25,196.85,187,186.55,188.22,373.8,173.55,52954482,400004
31-Mar-20,192,198.5,188.05,186.9,196,196.85,193.17,373.8,173.55,59543906,402063
30-Mar-20,190,195,186.25,195.95,186.8,186.9,190.76,373.8,173.55,60083237,438701
27-Mar-20,202,211.9,195,192.75,195.15,195.95,202.07,373.8,173.55,114746995,777296
26-Mar-20,191.55,201,185.1,189.9,193.25,192.75,193.7,373.8,173.55,107260674,622633
25-Mar-20,178,195.25,176.45,183.2,190.6,189.9,185.5,373.8,173.55,71568237,512710
24-Mar-20,190.95,191.95,173.55,181.6,185.4,183.2,183.93,373.8,173.55,67492010,512638
23-Mar-20,190,199.5,180.25,209.85,181.95,181.6,186.66,373.8,180.25,61751758,613264
20-Mar-20,205.55,215.7,200,203.65,208.85,209.85,208.91,373.8,184.65,77393021,470053
19-Mar-20,202.95,219.75,198.15,215.2,203.45,203.65,207.44,373.8,184.65,93535977,617960
18-Mar-20,221,223.15,200.1,215.15,215.75,215.2,209.42,373.8,184.65,101405421,627917
17-Mar-20,227.2,229.9,212.05,223.35,213.9,215.15,223.23,373.8,184.65,65414721,437283
16-Mar-20,227.9,231.4,220.6,242,223.35,223.35,225.85,373.8,184.65,75584607,520840
13-Mar-20,200,248.8,184.65,212.6,244.25,242,226.87,373.8,184.65,155703140,908228
12-Mar-20,231.9,231.9,208.6,245.1,215.4,212.6,220.65,373.8,208.6,99770256,582694
11-Mar-20,253,258.5,243.1,253.45,244.25,245.1,250.69,373.8,243.1,90847179,473850
9-Mar-20,260.05,262.75,251.15,270.5,252.3,253.45,256.54,373.8,244.35,101294751,539589
6-Mar-20,268,274.4,253.95,288.5,269.8,270.5,268.89,373.8,244.35,106043172,538814
5-Mar-20,290.9,298.4,270,285.3,287.55,288.5,286.17,373.8,244.35,149245973,705570
4-Mar-20,291.8,293,275.1,289.85,284.95,285.3,283.13,373.8,244.35,73675736,369109
3-Mar-20,293,294.4,285.3,287.4,290.5,289.85,289.46,373.8,244.35,61949382,351083
2-Mar-20,311,312,284.05,303,287.6,287.4,300.12,373.8,244.35,66711413,374435
28-Feb-20,312,314.65,301.1,321.95,304.6,303,308.09,373.8,244.35,59705346,332224
27-Feb-20,328,330,318,328.2,321.65,321.95,322.89,373.8,244.35,47010040,254847
26-Feb-20,324.85,330.8,324.2,326.8,328.15,328.2,327.58,373.8,244.35,43915281,237750
25-Feb-20,325.9,328.15,322.2,322.95,327.75,326.8,325.65,373.8,244.35,39050709,236225
24-Feb-20,325.75,331.3,321.85,327.65,322.8,322.95,326.73,373.8,244.35,45273936,268314
20-Feb-20,319.35,329.2,318.75,320.35,327.9,327.65,325.2,373.8,244.35,40150409,261607
19-Feb-20,322.3,324,317.25,317.55,320.2,320.35,320.2,373.8,244.35,39846727,229162
18-Feb-20,315.4,319.2,309.4,314.2,318.05,317.55,313.46,373.8,244.35,38588583,226792
17-Feb-20,320.95,321.15,311.65,319.4,314.7,314.2,314.88,373.8,244.35,36950692,244850
14-Feb-20,328.1,331.9,318.55,327.45,319.9,319.4,324.61,373.8,244.35,48205947,260920
13-Feb-20,322,330.95,322,320.2,327.5,327.45,327.78,373.8,244.35,62516057,345413
12-Feb-20,329.9,329.9,319.25,324.35,320.4,320.2,323.8,373.8,244.35,38930849,212834
11-Feb-20,321.05,325.8,321.05,318.5,324.5,324.35,323.44,373.8,244.35,30188757,203738
10-Feb-20,319.8,322.8,316.5,320.55,318.5,318.5,318.8,373.8,244.35,24816396,152107
7-Feb-20,321.5,325,318.4,321.95,319.8,320.55,322,373.8,244.35,37126803,206969
6-Feb-20,311.2,323.5,310.1,311,321.05,321.95,318.1,373.8,244.35,57757656,307485
5-Feb-20,306.9,313.65,304.6,306.25,311,311,309.09,373.8,244.35,35014841,193574
4-Feb-20,302.9,307.55,297.1,298.1,305.9,306.25,303.37,373.8,244.35,51141567,275826
3-Feb-20,303,306.85,295.35,302.6,298.5,298.1,300.62,373.8,244.35,56060158,340547
1-Feb-20,317.95,322.65,296.3,318.45,302.8,302.6,313.18,373.8,244.35,61841736,402634
31-Jan-20,313.7,321.7,308.6,310.7,318.1,318.45,316.25,373.8,244.35,92656638,457787
30-Jan-20,316.75,316.75,305.65,316.45,310,310.7,311.18,373.8,244.35,35802330,227687
29-Jan-20,317.85,319.7,315.55,315.1,316.95,316.45,317.75,373.8,244.35,23914114,143297
28-Jan-20,317.95,320,311.05,316.2,316.4,315.1,316.67,373.8,244.35,26488426,173879
27-Jan-20,320.9,322,315.8,324.05,316.4,316.2,318.82,373.8,244.35,23309355,148768
24-Jan-20,323.5,327.3,321.15,323.2,324.3,324.05,325.15,373.8,244.35,22706879,146667
23-Jan-20,316,324.8,314.15,316.15,323.15,323.2,320.25,373.8,244.35,33293610,227748
22-Jan-20,317,317,313.7,313.7,315.65,316.15,315.3,373.8,244.35,24994911,154068
21-Jan-20,313.8,316.95,312,314,313.9,313.7,314.33,373.8,244.35,30591772,195704
20-Jan-20,321,321.45,313.4,318,314,314,315.92,373.8,244.35,30682902,194552
17-Jan-20,313,323.5,310.1,323.3,318,318,317.9,373.8,244.35,58396326,290272
16-Jan-20,324,326.9,322.35,324.25,323.1,323.3,324.48,373.8,244.35,26653623,182806
15-Jan-20,329,329.2,322.35,328,324,324.25,324.3,373.8,244.35,32625740,243663
14-Jan-20,329.8,331.7,326.5,330.75,328.1,328,328.53,373.8,244.35,26296117,170473
13-Jan-20,334,335.45,329.05,332.25,330.6,330.75,331.73,373.8,244.35,23615129,156310
10-Jan-20,331,337.95,328.1,330.2,332.45,332.25,333.63,373.8,244.35,42377838,247022
9-Jan-20,326.9,331.4,325,319.8,330.1,330.2,328.58,373.8,244.35,40348407,255624
8-Jan-20,312.1,321.5,311,318.4,319.35,319.8,315.88,373.8,244.35,44527485,259968
7-Jan-20,324.45,327,315.4,319,317.9,318.4,320.38,373.8,244.35,50966826,310782
6-Jan-20,331.7,331.7,317.7,333.7,318.4,319,322.03,373.8,244.35,35645325,280646
3-Jan-20,337.95,337.95,332,339.3,334,333.7,335.08,373.8,244.35,21853208,139793
2-Jan-20,334.5,339.85,333.35,334.45,338.8,339.3,336.81,373.8,244.35,20324236,123189
1-Jan-20,334.7,335.95,332.15,333.75,335,334.45,334.03,373.8,244.35,17379320,99108
31-Dec-19,334.4,336.35,332.55,334.4,333.8,333.75,334.36,373.8,244.35,23801635,145537
30-Dec-19,337.75,337.85,332.5,337.25,334.45,334.4,334.47,373.8,244.35,22775554,133458
27-Dec-19,333.4,338.35,333,329.85,337.2,337.25,336.68,373.8,244.35,33477173,209260
26-Dec-19,333,333.45,328.1,331.45,330.2,329.85,330.09,373.8,244.35,24616942,139034
24-Dec-19,333.2,334.2,329.2,332.4,331.95,331.45,331.35,373.8,244.35,21747782,134272
23-Dec-19,335.7,338.85,330.35,337.85,332.4,332.4,334.27,373.8,244.35,30150335,176514
20-Dec-19,330.35,339.5,330.35,328.15,337.25,337.85,336.38,373.8,244.35,51839714,320799
19-Dec-19,327.35,329.6,324.5,326.95,328.3,328.15,327.19,373.8,244.35,27516289,171554
18-Dec-19,335,335.55,325.8,332.9,327.2,326.95,328.8,373.8,244.35,26449075,196530
17-Dec-19,333.25,335.75,330.65,331.85,333.55,332.9,333.79,373.8,244.35,26734601,184237
16-Dec-19,335.95,337.25,330.8,332.55,332.3,331.85,333.33,373.8,244.35,35027613,245635
13-Dec-19,325.2,333.45,325,321.85,333.15,332.55,329.84,373.8,244.35,40955226,252185
12-Dec-19,314,322.95,313.55,312.8,321.45,321.85,317.89,373.8,244.35,37804216,234427
11-Dec-19,311.2,315.75,308,313.4,311.75,312.8,312.23,373.8,244.35,52557951,303209
10-Dec-19,317.2,322.65,312.25,316.7,313.2,313.4,317.56,373.8,244.35,52155809,304771
9-Dec-19,318.95,327.65,314.75,320,317.05,316.7,320.65,373.8,244.35,52435239,346470
6-Dec-19,336.7,337.65,318,336.2,318.2,320,325.07,373.8,244.35,47027528,399338
5-Dec-19,343,344.6,335.15,341.85,336,336.2,338.88,373.8,244.35,30429507,217025
4-Dec-19,334.1,342.95,331.85,336.25,341.5,341.85,337.83,373.8,244.35,26789483,187289
3-Dec-19,341,342.95,333.35,338.5,336.5,336.25,337.9,373.8,244.35,26482178,180722