Date ,OPEN ,HIGH ,LOW ,PREV. CLOSE ,ltp ,close ,vwap ,52W H ,52W L ,VOLUME ,VALUE ,No of trades 
2-Dec-21,1715.00,1750.50,1711.35,1714.90,1748.00,1748.25,1737.73,1848.00,1105.05,5559574.00,9661020145.95,173258.00
1-Dec-21,1715.00,1741.90,1713.00,1712.65,1717.00,1714.90,1726.72,1848.00,1105.05,5193264.00,8967308949.60,204083.00
30-Nov-21,1704.55,1729.90,1700.05,1696.35,1717.00,1712.65,1713.80,1848.00,1105.05,14808963.00,25379600677.05,209403.00
29-Nov-21,1691.00,1712.00,1669.15,1691.65,1696.20,1696.35,1694.69,1848.00,1105.05,3942776.00,6681771091.15,187081.00
26-Nov-21,1702.55,1718.35,1684.00,1722.40,1689.55,1691.65,1701.47,1848.00,1091.00,4494181.00,7646702666.25,189716.00
25-Nov-21,1700.00,1726.20,1696.95,1696.00,1722.50,1722.40,1715.34,1848.00,1091.00,4476260.00,7678310603.80,141756.00
24-Nov-21,1740.00,1740.50,1688.00,1736.90,1690.20,1696.00,1712.88,1848.00,1091.00,7333061.00,12560636398.70,261744.00
23-Nov-21,1735.10,1747.25,1710.00,1759.40,1727.50,1736.90,1732.65,1848.00,1091.00,8436160.00,14616871616.00,228363.00
22-Nov-21,1784.00,1785.40,1751.15,1779.40,1760.25,1759.40,1766.39,1848.00,1091.00,6621839.00,11696747300.55,170729.00
18-Nov-21,1781.60,1789.45,1759.00,1787.45,1774.00,1779.40,1773.94,1848.00,1091.00,4326924.00,7675682400.00,154647.00
17-Nov-21,1792.55,1802.00,1780.70,1792.30,1790.55,1787.45,1792.60,1848.00,1091.00,4732492.00,8483456713.50,195585.00
16-Nov-21,1790.00,1808.95,1777.00,1787.15,1791.40,1792.30,1797.43,1848.00,1091.00,6034233.00,10846091248.70,173120.00
15-Nov-21,1782.10,1800.00,1775.50,1780.20,1785.00,1787.15,1793.71,1848.00,1091.00,4354074.00,7809957008.85,154854.00
12-Nov-21,1743.00,1782.85,1738.05,1733.30,1779.50,1780.20,1766.51,1848.00,1078.00,5069009.00,8954436975.40,142273.00
11-Nov-21,1732.95,1739.75,1709.00,1740.15,1735.00,1733.30,1723.79,1848.00,1078.00,4731349.00,8155869538.30,128994.00
10-Nov-21,1726.00,1750.95,1721.95,1742.50,1742.00,1740.15,1737.49,1848.00,1078.00,4780368.00,8305852157.15,115801.00
9-Nov-21,1734.75,1750.00,1726.00,1737.50,1740.70,1742.50,1741.18,1848.00,1078.00,4016134.00,6992803829.65,141964.00
8-Nov-21,1730.00,1741.00,1703.00,1708.70,1740.00,1737.50,1727.82,1848.00,1078.00,5245903.00,9063983393.50,194006.00
4-Nov-21,1715.00,1717.00,1705.00,1702.50,1705.50,1708.70,1710.56,1848.00,1051.10,483407.00,826894810.30,45697.00
3-Nov-21,1709.00,1717.45,1699.00,1697.90,1703.60,1702.50,1707.08,1848.00,1051.10,3530713.00,6027214982.00,159185.00
2-Nov-21,1695.00,1706.45,1686.35,1700.05,1699.00,1697.90,1696.02,1848.00,1051.10,3471772.00,5888203296.25,132426.00
1-Nov-21,1677.50,1707.20,1676.00,1667.75,1701.35,1700.05,1695.58,1848.00,1051.10,3636806.00,6166483835.70,156714.00
29-Oct-21,1699.00,1712.60,1661.05,1703.90,1671.00,1667.75,1687.51,1848.00,1051.10,5875091.00,9914259072.90,212408.00
28-Oct-21,1719.35,1724.75,1692.05,1728.95,1705.85,1703.90,1710.08,1848.00,1051.10,5329972.00,9114701909.05,194339.00
27-Oct-21,1709.10,1734.15,1701.15,1703.70,1726.55,1728.95,1718.39,1848.00,1051.10,5090259.00,8747027004.70,174841.00
26-Oct-21,1710.05,1726.60,1695.90,1707.55,1707.95,1703.70,1704.53,1848.00,1051.10,5871709.00,10008498840.25,163478.00
25-Oct-21,1722.05,1729.75,1687.20,1719.80,1708.40,1707.55,1700.04,1848.00,1051.10,5905209.00,10039080678.05,175289.00
22-Oct-21,1749.90,1763.20,1707.00,1753.65,1717.85,1719.80,1728.28,1848.00,1051.10,7369809.00,12737099864.85,231471.00
21-Oct-21,1814.00,1814.00,1746.85,1802.35,1757.00,1753.65,1768.17,1848.00,1051.10,8779629.00,15523851574.25,227646.00
20-Oct-21,1829.40,1848.00,1794.05,1822.15,1797.40,1802.35,1819.25,1848.00,1051.10,5876115.00,10690134351.80,193075.00
19-Oct-21,1814.00,1834.50,1782.30,1792.15,1823.50,1822.15,1818.83,1834.50,1051.10,10324260.00,18778087117.05,236442.00
18-Oct-21,1740.00,1799.00,1740.00,1715.75,1798.00,1792.15,1770.72,1799.00,1051.10,13438109.00,23795103034.90,310783.00
14-Oct-21,1754.00,1783.60,1698.20,1709.20,1714.00,1715.75,1738.12,1788.00,1051.10,19655776.00,34164007327.25,428428.00
13-Oct-21,1695.95,1713.65,1680.05,1685.15,1705.00,1709.20,1697.94,1788.00,1051.10,7104171.00,12062453914.35,273495.00
12-Oct-21,1677.00,1689.00,1662.00,1690.95,1688.00,1685.15,1677.23,1788.00,1051.10,7439300.00,12477416052.15,258781.00
11-Oct-21,1682.00,1730.00,1663.70,1723.85,1693.00,1690.95,1698.64,1788.00,1051.10,8840633.00,15017023820.95,264208.00
8-Oct-21,1705.25,1731.50,1698.40,1691.00,1723.85,1723.85,1719.42,1788.00,1018.05,4738376.00,8147261439.50,223183.00
7-Oct-21,1687.00,1704.20,1676.65,1673.55,1690.35,1691.00,1693.19,1788.00,1018.05,5476108.00,9272107761.25,142352.00
6-Oct-21,1702.10,1709.00,1670.00,1692.80,1672.65,1673.55,1682.79,1788.00,1018.05,4271698.00,7188385186.55,168805.00
5-Oct-21,1671.00,1702.95,1663.00,1678.75,1691.70,1692.80,1677.62,1788.00,1018.05,4373310.00,7336751142.35,174119.00
4-Oct-21,1672.50,1688.00,1665.40,1665.15,1681.90,1678.75,1678.53,1788.00,1018.05,2947154.00,4946872978.25,122901.00
1-Oct-21,1665.10,1678.95,1661.25,1675.20,1665.60,1665.15,1670.32,1788.00,998.50,5733906.00,9577431061.45,166006.00
30-Sep-21,1703.00,1703.00,1670.10,1692.25,1679.50,1675.20,1682.12,1788.00,998.50,6914031.00,11630225539.25,155817.00
29-Sep-21,1659.25,1701.40,1655.00,1687.10,1688.55,1692.25,1683.09,1788.00,998.50,7792548.00,13115587857.25,252164.00
28-Sep-21,1710.00,1710.00,1675.00,1721.15,1686.30,1687.10,1687.94,1788.00,998.50,6557197.00,11068146871.10,321289.00
27-Sep-21,1768.75,1769.00,1718.10,1763.85,1723.00,1721.15,1732.17,1788.00,998.50,5045337.00,8739379305.20,227547.00
24-Sep-21,1758.00,1788.00,1752.45,1742.55,1763.80,1763.85,1772.20,1788.00,970.00,8280446.00,14674577075.85,231499.00
23-Sep-21,1732.00,1745.00,1721.10,1716.90,1742.10,1742.55,1733.04,1757.00,970.00,3826090.00,6630769717.80,151039.00
22-Sep-21,1717.00,1738.90,1713.05,1718.45,1715.65,1716.90,1727.00,1757.00,970.00,4553892.00,7864586458.90,162450.00
21-Sep-21,1700.00,1726.75,1684.65,1687.85,1717.70,1718.45,1707.50,1757.00,970.00,4672222.00,7977838674.60,138846.00
20-Sep-21,1685.00,1707.70,1677.95,1691.30,1687.40,1687.85,1695.88,1757.00,970.00,5660743.00,9599964334.20,136341.00
17-Sep-21,1697.00,1718.00,1684.45,1702.25,1692.00,1691.30,1696.56,1757.00,948.30,7454864.00,12647632623.50,123572.00
16-Sep-21,1715.20,1719.25,1691.45,1711.45,1702.05,1702.25,1701.12,1757.00,948.30,3246568.00,5522817876.30,159668.00
15-Sep-21,1693.25,1715.10,1690.20,1686.15,1710.20,1711.45,1705.03,1757.00,948.30,4062344.00,6926434283.00,187441.00
14-Sep-21,1695.95,1695.95,1678.60,1691.90,1686.50,1686.15,1688.38,1757.00,948.30,4945167.00,8349299076.40,207112.00
13-Sep-21,1683.00,1701.50,1675.20,1691.60,1690.85,1691.90,1689.36,1757.00,948.30,4662374.00,7876437378.30,187031.00
9-Sep-21,1685.90,1694.90,1682.15,1693.25,1687.95,1691.60,1689.02,1757.00,913.05,3331674.00,5627248636.00,137087.00
8-Sep-21,1700.85,1700.85,1682.95,1706.65,1696.45,1693.25,1693.03,1757.00,913.05,4584896.00,7762344324.40,153873.00
7-Sep-21,1730.00,1734.90,1704.00,1730.40,1708.00,1706.65,1713.51,1757.00,913.05,3520341.00,6032143710.95,149711.00
6-Sep-21,1705.15,1732.00,1699.35,1700.65,1731.20,1730.40,1715.41,1757.00,913.05,4876026.00,8364392786.20,183161.00
3-Sep-21,1696.05,1705.95,1684.40,1689.10,1700.50,1700.65,1698.12,1757.00,912.10,5339139.00,9066475360.50,210049.00
2-Sep-21,1677.35,1694.30,1662.65,1677.75,1686.05,1689.10,1675.34,1757.00,912.10,6830050.00,11442649484.45,258731.00
1-Sep-21,1709.50,1709.50,1673.15,1706.45,1677.05,1677.75,1684.25,1757.00,912.10,7801974.00,13140486835.00,244163.00
31-Aug-21,1700.15,1715.00,1685.85,1698.05,1713.00,1706.45,1700.72,1757.00,912.10,12255438.00,20843024213.60,219156.00
30-Aug-21,1703.05,1718.65,1690.40,1708.80,1699.85,1698.05,1700.86,1757.00,912.10,6559667.00,11157103925.10,295734.00
27-Aug-21,1725.00,1727.70,1705.20,1727.70,1707.50,1708.80,1713.26,1757.00,912.10,6698514.00,11476309163.95,179152.00
26-Aug-21,1734.00,1746.00,1720.00,1735.55,1723.40,1727.70,1734.31,1757.00,912.10,5302248.00,9195716831.35,114055.00
25-Aug-21,1718.00,1746.90,1718.00,1720.85,1737.65,1735.55,1732.13,1757.00,912.10,6153253.00,10658228275.25,140494.00
24-Aug-21,1750.00,1757.00,1712.70,1738.75,1721.50,1720.85,1729.85,1757.00,912.10,7602939.00,13151981489.80,242564.00
23-Aug-21,1735.75,1753.15,1732.00,1732.95,1739.60,1738.75,1741.65,1755.50,912.10,6189051.00,10779186291.55,170252.00
20-Aug-21,1716.10,1745.00,1716.10,1733.45,1729.50,1732.95,1734.19,1755.50,912.10,6206972.00,10764080448.55,188065.00
18-Aug-21,1729.00,1755.50,1727.00,1741.65,1732.00,1733.45,1739.38,1755.50,912.10,6686090.00,11629623310.35,193759.00
17-Aug-21,1703.90,1748.90,1686.55,1704.40,1737.40,1741.65,1730.04,1748.90,912.10,9510390.00,16453341374.00,263393.00
16-Aug-21,1707.70,1719.95,1690.10,1712.20,1702.95,1704.40,1703.86,1722.50,912.10,4564109.00,7776599067.95,181480.00
13-Aug-21,1697.00,1722.50,1691.30,1689.60,1713.95,1712.20,1707.76,1722.50,912.10,5612790.00,9585318721.70,144604.00
12-Aug-21,1679.15,1696.50,1674.00,1677.55,1684.95,1689.60,1687.65,1696.50,912.10,5659579.00,9551399367.55,152218.00
11-Aug-21,1674.80,1684.00,1668.00,1677.25,1675.10,1677.55,1676.00,1684.00,912.10,4899639.00,8211808501.95,149326.00
10-Aug-21,1668.00,1680.00,1661.05,1663.30,1674.15,1677.25,1674.29,1680.00,912.10,6846517.00,11463058438.00,135096.00
9-Aug-21,1661.00,1667.45,1646.40,1650.20,1664.40,1663.30,1656.74,1679.90,912.10,5018477.00,8314309677.50,113096.00
6-Aug-21,1657.00,1660.65,1644.00,1653.55,1652.10,1650.20,1652.90,1679.90,912.10,3754855.00,6206401477.15,100454.00
5-Aug-21,1649.50,1666.00,1647.05,1649.25,1652.00,1653.55,1655.81,1679.90,912.10,5420536.00,8975400927.00,124049.00
4-Aug-21,1669.10,1679.90,1639.05,1655.20,1648.55,1649.25,1653.26,1679.90,912.10,6740391.00,11143605330.60,152430.00
3-Aug-21,1647.00,1658.65,1635.60,1631.55,1657.00,1655.20,1645.86,1658.65,912.10,5513668.00,9074703956.65,140415.00
2-Aug-21,1627.45,1634.75,1619.20,1610.50,1632.00,1631.55,1627.56,1634.75,912.10,5553389.00,9038450771.15,123236.00
30-Jul-21,1610.00,1623.40,1606.15,1617.00,1611.75,1610.50,1613.35,1623.40,912.10,6234257.00,10058016360.45,136907.00
29-Jul-21,1600.10,1620.00,1600.10,1605.60,1615.50,1617.00,1614.80,1620.00,912.10,4660873.00,7526375521.85,144550.00
28-Jul-21,1605.10,1607.60,1585.50,1602.55,1607.00,1605.60,1597.48,1611.65,912.10,4686788.00,7487050950.55,110822.00
27-Jul-21,1605.00,1609.30,1597.90,1603.90,1600.10,1602.55,1603.05,1611.65,912.10,5892859.00,9446568393.85,108822.00
26-Jul-21,1594.10,1611.65,1594.10,1590.45,1603.05,1603.90,1606.06,1611.65,912.10,4586710.00,7366526110.60,128901.00
23-Jul-21,1588.55,1598.50,1585.05,1590.20,1589.00,1590.45,1591.84,1598.50,900.65,4179719.00,6653435201.45,144421.00
22-Jul-21,1561.40,1592.85,1561.40,1550.05,1588.95,1590.20,1580.70,1596.85,900.65,7854575.00,12415707697.05,233651.00
20-Jul-21,1538.30,1557.70,1538.00,1541.70,1547.00,1550.05,1547.47,1596.85,900.65,5069939.00,7845558519.00,138422.00
19-Jul-21,1544.70,1552.90,1537.55,1555.45,1544.55,1541.70,1542.32,1596.85,900.65,5669162.00,8743641778.75,192818.00
16-Jul-21,1573.75,1574.65,1549.60,1580.80,1556.75,1555.45,1560.17,1596.85,781.35,6265593.00,9775371403.80,191620.00
15-Jul-21,1557.90,1596.85,1556.00,1576.90,1579.85,1580.80,1581.74,1596.85,781.35,10021355.00,15851201207.15,248472.00
14-Jul-21,1554.00,1582.80,1538.10,1544.95,1577.40,1576.90,1565.34,1591.00,781.35,5657716.00,8856261426.95,169742.00
13-Jul-21,1556.40,1556.40,1536.30,1547.85,1545.50,1544.95,1542.74,1591.00,781.35,4456160.00,6874707703.35,177123.00
12-Jul-21,1570.55,1578.00,1533.75,1562.90,1547.00,1547.85,1558.59,1591.00,781.35,4588982.00,7152341636.50,145234.00
9-Jul-21,1556.00,1569.90,1551.00,1560.75,1564.90,1562.90,1562.12,1591.00,761.50,3436594.00,5368362102.90,125788.00
8-Jul-21,1568.00,1576.00,1549.00,1564.60,1560.40,1560.75,1559.79,1591.00,761.50,3326813.00,5189118227.50,158022.00
7-Jul-21,1566.05,1570.55,1544.65,1562.20,1562.50,1564.60,1560.32,1591.00,761.50,4797120.00,7485054451.90,143812.00
6-Jul-21,1573.70,1586.75,1557.10,1578.95,1561.00,1562.20,1575.11,1591.00,761.50,4089574.00,6441517704.60,120142.00
5-Jul-21,1569.15,1585.00,1561.05,1567.80,1583.65,1578.95,1572.73,1591.00,761.50,4058338.00,6382678903.05,123094.00
2-Jul-21,1558.95,1569.45,1542.60,1560.40,1566.20,1567.80,1555.25,1591.00,724.25,5166064.00,8034520019.85,136155.00
1-Jul-21,1576.85,1576.85,1559.05,1580.80,1561.95,1560.40,1565.56,1591.00,724.25,4814317.00,7537112360.90,150925.00
30-Jun-21,1572.05,1591.00,1572.05,1563.05,1580.00,1580.80,1582.44,1591.00,724.25,6058722.00,9587562981.95,167938.00
29-Jun-21,1561.00,1573.65,1559.20,1571.80,1562.00,1563.05,1564.66,1580.15,724.25,5913567.00,9252700415.30,197132.00
28-Jun-21,1572.90,1580.15,1560.60,1574.20,1569.10,1571.80,1570.82,1580.15,724.25,5019178.00,7884237903.00,136591.00
25-Jun-21,1572.00,1578.00,1543.00,1559.20,1574.00,1574.20,1565.12,1578.00,692.10,9780240.00,15307252499.45,192643.00
24-Jun-21,1517.00,1568.75,1511.20,1503.15,1556.10,1559.20,1543.60,1568.75,692.10,10785137.00,16647892220.05,263797.00
23-Jun-21,1525.00,1525.00,1498.65,1511.85,1503.00,1503.15,1508.29,1525.00,692.10,5529809.00,8340557841.65,118288.00
22-Jun-21,1509.70,1521.45,1502.10,1500.30,1511.35,1511.85,1510.60,1521.45,692.10,6427862.00,9709910031.05,127430.00
21-Jun-21,1493.00,1505.80,1484.20,1503.30,1501.25,1500.30,1496.92,1515.80,692.10,5454052.00,8164276798.15,124524.00
18-Jun-21,1509.00,1515.80,1487.40,1495.30,1510.00,1503.30,1501.85,1515.80,685.25,13533974.00,20326029669.85,240906.00
17-Jun-21,1475.10,1502.65,1475.10,1480.60,1501.20,1495.30,1487.78,1502.65,685.25,7677951.00,11423116458.10,229654.00
16-Jun-21,1472.70,1489.45,1467.50,1473.90,1479.20,1480.60,1478.45,1489.45,685.25,7661710.00,11327444062.60,162924.00
15-Jun-21,1464.00,1476.00,1463.00,1461.80,1474.00,1473.90,1469.83,1477.55,685.25,5403104.00,7941636318.20,141422.00
14-Jun-21,1471.00,1477.00,1453.45,1446.90,1460.00,1461.80,1463.12,1477.55,685.25,7132294.00,10435431661.00,147667.00
11-Jun-21,1430.10,1451.60,1429.45,1424.30,1446.05,1446.90,1443.02,1477.55,675.50,6140828.00,8861316923.80,173378.00
10-Jun-21,1424.00,1429.00,1419.00,1415.30,1424.25,1424.30,1423.55,1477.55,675.50,3496575.00,4977561087.00,121283.00
9-Jun-21,1413.40,1425.00,1404.60,1412.95,1415.00,1415.30,1415.72,1477.55,675.50,5394317.00,7636846520.45,137139.00
8-Jun-21,1396.00,1421.75,1395.55,1389.65,1414.00,1412.95,1412.47,1477.55,675.50,7360630.00,10396698470.40,188069.00
7-Jun-21,1391.00,1392.00,1377.30,1385.65,1390.50,1389.65,1384.88,1477.55,675.50,5154576.00,7138486995.40,127520.00
4-Jun-21,1393.95,1396.90,1377.65,1389.65,1385.15,1385.65,1384.98,1477.55,675.50,4194328.00,5809075426.80,109532.00
3-Jun-21,1388.10,1399.00,1377.05,1378.65,1390.80,1389.65,1385.81,1477.55,675.50,5115645.00,7089319506.30,137141.00
2-Jun-21,1380.75,1391.95,1365.00,1387.20,1381.00,1378.65,1374.91,1477.55,675.50,9272276.00,12748517787.25,186335.00
1-Jun-21,1400.00,1401.00,1378.65,1393.75,1388.95,1387.20,1385.00,1477.55,675.50,4791325.00,6635964926.65,180376.00
31-May-21,1401.50,1401.50,1383.00,1405.05,1395.00,1393.75,1393.13,1477.55,675.50,4429904.00,6171426112.80,145671.00
28-May-21,1409.75,1414.00,1396.10,1402.25,1407.70,1405.05,1406.44,1477.55,674.95,4261312.00,5993259437.60,106771.00
27-May-21,1404.20,1416.25,1391.70,1397.25,1408.90,1402.25,1404.67,1477.55,674.95,15365391.00,21583297998.60,250209.00
26-May-21,1367.90,1400.00,1362.05,1361.60,1395.00,1397.25,1386.91,1477.55,674.95,6850024.00,9500378457.65,174833.00
25-May-21,1358.00,1368.00,1354.45,1348.05,1364.00,1361.60,1361.92,1477.55,674.95,4099340.00,5582984590.85,129513.00
24-May-21,1356.65,1363.00,1345.10,1354.50,1349.00,1348.05,1352.41,1477.55,674.95,4225371.00,5714441955.70,108054.00
21-May-21,1347.50,1357.50,1346.35,1339.30,1356.00,1354.50,1351.75,1477.55,653.00,4969733.00,6717856342.70,153186.00
20-May-21,1348.40,1349.10,1335.00,1337.00,1341.95,1339.30,1340.80,1477.55,653.00,4490092.00,6020330291.35,111007.00
19-May-21,1342.00,1357.45,1333.25,1340.00,1334.65,1337.00,1344.41,1477.55,653.00,4435878.00,5963617809.65,135009.00
18-May-21,1338.00,1344.60,1329.50,1329.40,1338.75,1340.00,1338.06,1477.55,653.00,5620150.00,7520081253.15,135851.00
17-May-21,1320.30,1334.95,1320.30,1316.40,1328.55,1329.40,1329.34,1477.55,653.00,5017129.00,6669458544.35,118670.00
14-May-21,1326.85,1326.85,1311.30,1327.00,1320.00,1316.40,1316.25,1477.55,646.70,4824609.00,6350387004.95,180008.00
12-May-21,1330.00,1330.00,1314.50,1330.65,1327.60,1327.00,1323.46,1477.55,646.70,5241898.00,6937427272.00,143805.00
11-May-21,1336.90,1341.00,1325.10,1339.55,1332.05,1330.65,1330.00,1477.55,646.70,6420988.00,8539945151.20,201614.00
10-May-21,1349.85,1352.90,1335.05,1352.55,1339.90,1339.55,1341.13,1477.55,646.70,7195348.00,9649893780.00,160151.00
7-May-21,1365.30,1373.05,1348.50,1361.60,1352.70,1352.55,1357.23,1477.55,646.70,4991435.00,6774539803.35,146974.00
6-May-21,1345.00,1364.70,1337.40,1341.50,1359.15,1361.60,1354.33,1477.55,646.70,4810090.00,6514432065.10,128184.00
5-May-21,1341.10,1343.90,1327.80,1329.40,1343.00,1341.50,1337.33,1477.55,646.70,3939788.00,5268794240.45,113183.00
4-May-21,1354.00,1354.95,1324.10,1352.05,1331.00,1329.40,1339.98,1477.55,646.70,4887060.00,6548565378.45,158010.00
3-May-21,1340.80,1361.00,1338.00,1354.35,1349.00,1352.05,1350.88,1477.55,646.70,4560337.00,6160448676.90,126788.00
30-Apr-21,1346.30,1373.90,1345.90,1356.35,1348.60,1354.35,1361.16,1477.55,646.70,8354677.00,11372027784.65,131718.00
29-Apr-21,1368.00,1369.00,1351.40,1356.00,1356.00,1356.35,1360.05,1477.55,646.70,5412357.00,7361090047.40,119277.00
28-Apr-21,1358.00,1359.50,1344.60,1348.50,1355.80,1356.00,1353.45,1477.55,646.70,4879234.00,6603777602.05,137376.00
27-Apr-21,1346.00,1353.00,1340.15,1343.55,1347.50,1348.50,1346.89,1477.55,646.70,3636115.00,4897445224.05,145974.00
26-Apr-21,1332.25,1351.30,1321.00,1333.80,1345.00,1343.55,1343.19,1477.55,646.70,7088606.00,9521361287.20,130375.00
23-Apr-21,1343.00,1348.40,1331.00,1351.10,1333.90,1333.80,1339.49,1477.55,627.80,7316262.00,9800084842.40,163801.00
22-Apr-21,1355.55,1364.80,1345.15,1351.35,1352.00,1351.10,1352.38,1477.55,627.80,6622446.00,8956080142.05,203956.00
20-Apr-21,1379.00,1379.00,1342.40,1362.55,1349.00,1351.35,1357.18,1477.55,627.80,8560766.00,11618460456.40,174560.00
19-Apr-21,1340.00,1379.70,1332.35,1353.75,1363.00,1362.55,1359.57,1477.55,627.80,12508028.00,17005547107.35,260647.00
16-Apr-21,1365.00,1370.85,1346.60,1360.75,1348.10,1353.75,1358.97,1477.55,603.50,10879878.00,14785392742.35,285474.00
15-Apr-21,1332.30,1366.40,1320.00,1397.15,1363.30,1360.75,1347.38,1477.55,603.50,25342491.00,34145935655.55,678751.00
13-Apr-21,1433.00,1435.25,1375.00,1425.75,1402.85,1397.15,1394.92,1477.55,603.50,14855206.00,20721814129.60,453578.00
12-Apr-21,1474.00,1477.55,1415.00,1441.05,1431.50,1425.75,1438.59,1477.55,603.50,20384532.00,29325012715.25,477964.00
9-Apr-21,1455.00,1455.00,1430.05,1439.85,1441.00,1441.05,1441.23,1455.00,603.50,6052712.00,8723370111.65,134860.00
8-Apr-21,1430.00,1451.70,1421.00,1430.20,1438.15,1439.85,1440.96,1451.70,603.50,5654434.00,8147788509.25,179859.00
7-Apr-21,1410.25,1434.95,1406.60,1411.05,1430.00,1430.20,1422.23,1434.95,603.50,5879234.00,8361600367.55,135633.00
6-Apr-21,1423.00,1426.00,1406.45,1409.90,1414.00,1411.05,1415.69,1426.00,603.50,5793571.00,8201898839.90,153955.00
5-Apr-21,1391.00,1425.00,1387.00,1385.20,1415.00,1409.90,1406.84,1425.00,603.50,9479572.00,13336273564.95,237018.00
1-Apr-21,1380.00,1391.60,1371.00,1368.05,1386.00,1385.20,1382.72,1406.00,582.15,5675155.00,7847148794.55,146481.00
31-Mar-21,1382.00,1388.00,1363.30,1385.30,1367.30,1368.05,1370.72,1406.00,582.15,8220987.00,11268677504.10,218153.00
30-Mar-21,1346.90,1400.00,1336.15,1336.20,1386.50,1385.30,1373.99,1406.00,582.15,10546919.00,14491356277.80,227944.00
26-Mar-21,1344.70,1356.70,1332.00,1333.80,1338.70,1336.20,1340.61,1406.00,515.90,4922071.00,6598564525.25,138471.00
25-Mar-21,1346.75,1352.50,1327.60,1353.75,1337.60,1333.80,1338.88,1406.00,515.90,8749994.00,11715231220.75,184200.00
24-Mar-21,1357.85,1370.45,1346.25,1371.55,1355.00,1353.75,1357.63,1406.00,515.90,6134303.00,8328138652.25,143327.00
23-Mar-21,1372.45,1383.25,1359.60,1370.80,1369.80,1371.55,1372.44,1406.00,515.90,7165335.00,9833991115.85,164495.00
22-Mar-21,1350.10,1376.00,1336.10,1344.45,1371.10,1370.80,1355.94,1406.00,515.90,4862758.00,6593605265.20,129112.00
19-Mar-21,1330.00,1355.20,1318.00,1337.10,1347.15,1344.45,1340.27,1406.00,509.25,12767112.00,17111330912.85,235459.00
18-Mar-21,1393.75,1393.75,1313.50,1387.00,1341.80,1337.10,1347.80,1406.00,509.25,10961755.00,14774234434.95,298042.00
17-Mar-21,1392.25,1400.00,1382.00,1384.00,1387.10,1387.00,1392.47,1406.00,509.25,7626744.00,10620025456.00,157640.00
16-Mar-21,1386.05,1406.00,1380.50,1373.60,1384.60,1384.00,1391.20,1406.00,509.25,9352771.00,13011543029.50,230871.00
15-Mar-21,1370.00,1379.90,1358.50,1374.85,1371.95,1373.60,1369.96,1392.80,509.25,6658665.00,9122082515.75,174194.00
12-Mar-21,1373.00,1391.70,1370.05,1368.15,1375.30,1374.85,1381.13,1392.80,509.25,9462061.00,13068374479.10,199285.00
10-Mar-21,1356.90,1374.00,1355.00,1345.55,1366.50,1368.15,1365.17,1392.80,509.25,7925984.00,10820304084.25,177164.00
9-Mar-21,1329.50,1350.45,1318.75,1335.75,1344.00,1345.55,1334.21,1392.80,509.25,6518173.00,8696584495.75,144157.00
8-Mar-21,1324.80,1346.10,1317.20,1316.70,1336.05,1335.75,1334.28,1392.80,509.25,5119392.00,6830699261.80,126809.00
5-Mar-21,1328.50,1340.00,1305.05,1330.35,1320.05,1316.70,1322.67,1392.80,509.25,6486176.00,8579075404.40,180930.00
4-Mar-21,1335.00,1363.85,1325.90,1343.55,1334.60,1330.35,1343.22,1392.80,509.25,12041941.00,16174961451.80,225028.00
3-Mar-21,1319.20,1347.00,1308.00,1304.50,1340.95,1343.55,1329.25,1392.80,509.25,9056399.00,12038222652.00,189231.00
2-Mar-21,1282.25,1310.00,1279.20,1267.00,1308.60,1304.50,1294.56,1392.80,509.25,10461434.00,13542927955.10,182506.00
1-Mar-21,1263.30,1284.50,1259.00,1253.30,1271.00,1267.00,1271.66,1392.80,509.25,5756286.00,7320037306.65,133035.00
26-Feb-21,1269.00,1274.30,1244.75,1274.55,1252.00,1253.30,1256.57,1392.80,509.25,15132388.00,19014856542.45,296665.00
25-Feb-21,1288.45,1299.75,1272.00,1274.30,1275.00,1274.55,1283.44,1392.80,509.25,8788221.00,11279133375.75,215308.00
24-Feb-21,1260.05,1276.60,1252.00,1266.35,1272.70,1274.30,1265.24,1392.80,509.25,4537258.00,5740727000.55,125315.00
23-Feb-21,1271.15,1291.00,1257.55,1265.20,1268.00,1266.35,1270.87,1392.80,509.25,6612942.00,8404181985.80,237023.00
22-Feb-21,1295.00,1308.55,1260.00,1291.30,1264.15,1265.20,1282.74,1392.80,509.25,7371303.00,9455456933.75,205288.00
19-Feb-21,1296.10,1299.50,1276.80,1292.45,1293.00,1291.30,1288.37,1392.80,509.25,5389696.00,6943924608.55,129418.00
18-Feb-21,1276.00,1306.00,1275.00,1281.30,1289.35,1292.45,1291.86,1392.80,509.25,6437551.00,8316445821.30,178755.00
17-Feb-21,1290.40,1294.50,1275.00,1290.40,1280.50,1281.30,1283.76,1392.80,509.25,4575741.00,5874133583.20,142040.00
16-Feb-21,1314.00,1319.75,1286.00,1309.65,1294.50,1290.40,1298.05,1392.80,509.25,6896421.00,8951918993.70,285705.00
15-Feb-21,1320.00,1328.40,1307.10,1309.80,1312.00,1309.65,1317.42,1392.80,509.25,4363513.00,5748561879.95,143342.00
12-Feb-21,1305.00,1323.75,1301.55,1292.65,1312.00,1309.80,1312.31,1392.80,509.25,5797875.00,7608600802.80,142747.00
11-Feb-21,1289.00,1296.00,1283.05,1296.50,1292.20,1292.65,1289.54,1392.80,509.25,4673317.00,6026438862.70,128045.00
10-Feb-21,1295.80,1304.35,1283.60,1305.55,1297.00,1296.50,1293.40,1392.80,509.25,5951207.00,7697265667.60,175936.00
9-Feb-21,1306.90,1332.00,1297.85,1303.55,1308.10,1305.55,1317.89,1392.80,509.25,7965949.00,10498269840.10,168139.00
8-Feb-21,1285.50,1310.00,1275.50,1272.10,1310.00,1303.55,1292.02,1392.80,509.25,6921922.00,8943252910.40,198135.00
5-Feb-21,1286.40,1288.75,1262.00,1279.35,1273.00,1272.10,1270.01,1392.80,509.25,5477481.00,6956468417.35,176339.00
4-Feb-21,1285.00,1293.40,1272.05,1284.65,1278.50,1279.35,1281.04,1392.80,509.25,5032240.00,6446486331.45,148262.00
3-Feb-21,1277.65,1304.00,1273.00,1271.25,1285.00,1284.65,1289.14,1392.80,509.25,8182968.00,10549003463.65,204774.00
2-Feb-21,1280.00,1294.40,1263.60,1260.90,1275.50,1271.25,1275.19,1392.80,509.25,6892490.00,8789223156.80,168360.00
1-Feb-21,1250.55,1277.95,1241.00,1239.05,1267.10,1260.90,1255.60,1392.80,509.25,8880279.00,11150104432.25,232672.00
29-Jan-21,1286.25,1291.15,1231.00,1276.20,1250.00,1239.05,1253.29,1392.80,509.25,12183519.00,15269437394.85,268406.00
28-Jan-21,1291.80,1296.45,1272.55,1301.00,1276.50,1276.20,1283.02,1392.80,509.25,4660690.00,5979774972.30,212130.00
27-Jan-21,1319.60,1327.55,1285.10,1325.10,1300.50,1301.00,1308.99,1392.80,509.25,8133665.00,10646861260.40,285525.00
25-Jan-21,1345.00,1347.90,1313.00,1340.85,1335.00,1325.10,1337.58,1392.80,509.25,6542611.00,8751273546.85,159466.00
22-Jan-21,1327.00,1356.00,1326.55,1339.70,1336.00,1340.85,1344.65,1392.80,509.25,9646591.00,12971261022.25,188343.00
21-Jan-21,1350.00,1361.05,1335.00,1339.45,1342.00,1339.70,1344.32,1392.80,509.25,6142421.00,8257354257.80,156050.00
20-Jan-21,1320.55,1348.40,1320.55,1316.65,1338.85,1339.45,1338.37,1392.80,509.25,8225838.00,11009221845.75,195330.00
19-Jan-21,1320.00,1331.00,1312.00,1312.05,1319.35,1316.65,1320.27,1392.80,509.25,5585744.00,7374694216.10,178275.00
18-Jan-21,1338.00,1340.00,1306.00,1344.95,1311.00,1312.05,1320.52,1392.80,509.25,8861765.00,11702148822.35,230056.00
15-Jan-21,1360.00,1364.45,1340.00,1370.50,1343.40,1344.95,1352.96,1392.80,509.25,15018441.00,20319423540.10,278300.00
14-Jan-21,1360.00,1384.00,1318.45,1387.15,1370.50,1370.50,1359.34,1392.80,509.25,27521697.00,37411219055.40,530803.00
13-Jan-21,1373.85,1392.80,1360.00,1371.75,1388.65,1387.15,1378.96,1392.80,509.25,14442997.00,19916243435.80,304458.00
12-Jan-21,1378.00,1378.00,1360.00,1376.20,1376.50,1371.75,1369.78,1383.35,509.25,8309868.00,11382710088.05,264378.00
11-Jan-21,1342.10,1383.35,1340.00,1312.10,1375.95,1376.20,1366.80,1383.35,509.25,20528626.00,28058554925.95,387124.00
8-Jan-21,1278.25,1316.80,1278.25,1262.15,1311.50,1312.10,1298.10,1316.80,509.25,13186251.00,17117011224.65,227983.00
7-Jan-21,1296.00,1297.65,1255.50,1282.10,1266.50,1262.15,1266.59,1302.00,509.25,10954918.00,13875416120.90,236192.00
6-Jan-21,1300.00,1302.00,1268.05,1293.80,1282.50,1282.10,1288.38,1302.00,509.25,7161715.00,9226975582.30,178942.00
5-Jan-21,1282.00,1299.00,1275.05,1288.25,1290.35,1293.80,1289.82,1299.00,509.25,8145280.00,10505964474.35,168537.00
4-Jan-21,1269.00,1290.00,1261.15,1260.45,1288.00,1288.25,1278.28,1290.00,509.25,7208454.00,9214400329.00,189946.00
1-Jan-21,1257.90,1265.50,1255.80,1255.80,1259.50,1260.45,1261.66,1265.50,509.25,4253550.00,5366530407.75,97445.00
31-Dec-20,1243.00,1258.40,1239.00,1246.80,1253.50,1255.80,1249.41,1258.85,509.25,7430470.00,9283731807.85,117406.00
30-Dec-20,1253.00,1253.30,1238.15,1250.30,1244.00,1246.80,1247.48,1258.85,509.25,5194690.00,6480283008.90,107704.00
29-Dec-20,1235.00,1254.45,1235.00,1240.30,1249.85,1250.30,1246.33,1258.85,509.25,6878105.00,8572419679.20,132402.00
28-Dec-20,1238.45,1248.00,1236.00,1236.05,1239.45,1240.30,1240.58,1258.85,509.25,4607051.00,5715406465.10,123013.00
24-Dec-20,1249.90,1249.90,1226.00,1253.05,1237.35,1236.05,1236.34,1258.85,509.25,7313885.00,9042415622.95,172066.00
23-Dec-20,1238.00,1258.85,1230.55,1220.50,1252.00,1253.05,1245.77,1258.85,509.25,15878346.00,19780713238.45,277251.00
22-Dec-20,1182.00,1223.85,1176.10,1177.30,1219.95,1220.50,1200.28,1223.85,509.25,10901851.00,13085219235.00,249518.00
21-Dec-20,1188.00,1209.75,1152.05,1189.80,1174.00,1177.30,1192.94,1209.75,509.25,10858352.00,12953347754.60,246658.00
18-Dec-20,1182.85,1195.00,1175.60,1159.20,1186.00,1189.80,1187.95,1195.00,509.25,15995676.00,19002082921.70,279675.00
17-Dec-20,1165.90,1168.90,1156.20,1165.70,1158.60,1159.20,1162.88,1186.00,509.25,6658153.00,7742601947.25,204147.00
16-Dec-20,1160.00,1168.90,1153.60,1154.60,1164.00,1165.70,1160.77,1186.00,509.25,7788404.00,9040530195.00,158579.00
15-Dec-20,1156.00,1163.70,1152.00,1164.55,1154.40,1154.60,1156.78,1186.00,509.25,6905926.00,7988669803.50,177326.00
14-Dec-20,1169.40,1172.60,1148.20,1163.20,1163.50,1164.55,1159.72,1186.00,509.25,6728187.00,7802805823.50,186990.00
11-Dec-20,1159.70,1171.95,1155.25,1167.75,1165.20,1163.20,1163.84,1186.00,509.25,10574009.00,12306503429.55,178023.00
10-Dec-20,1157.40,1171.65,1150.00,1175.20,1168.00,1167.75,1164.18,1186.00,509.25,9488782.00,11046635082.65,295020.00
9-Dec-20,1168.05,1179.50,1157.00,1153.35,1176.55,1175.20,1169.97,1186.00,509.25,10039346.00,11745774021.15,274494.00
8-Dec-20,1145.00,1167.00,1145.00,1143.50,1153.00,1153.35,1154.21,1186.00,509.25,12308330.00,14206387606.60,272695.00
7-Dec-20,1147.30,1153.00,1136.00,1134.65,1142.95,1143.50,1142.07,1186.00,509.25,7792141.00,8899186636.30,168273.00
4-Dec-20,1125.00,1137.00,1115.00,1126.45,1134.50,1134.65,1127.86,1186.00,509.25,10564055.00,11914725948.45,167778.00
3-Dec-20,1147.00,1147.00,1122.70,1140.90,1125.00,1126.45,1128.63,1186.00,509.25,16212632.00,18298022227.75,247732.00
2-Dec-20,1134.00,1147.45,1121.00,1137.85,1142.00,1140.90,1130.35,1186.00,509.25,6741637.00,7620426542.50,153925.00
1-Dec-20,1105.05,1140.25,1105.05,1100.00,1137.05,1137.85,1129.13,1186.00,509.25,8933802.00,10087463062.05,227850.00
27-Nov-20,1118.00,1121.00,1091.00,1113.20,1112.35,1100.00,1103.85,1186.00,509.25,25306145.00,27934277723.70,238942.00
26-Nov-20,1119.95,1119.95,1098.30,1115.65,1118.00,1113.20,1105.60,1186.00,509.25,10962256.00,12119904676.30,207324.00
25-Nov-20,1137.00,1143.50,1111.25,1140.05,1118.80,1115.65,1124.52,1186.00,509.25,8958701.00,10074223659.60,220995.00
24-Nov-20,1145.00,1154.90,1133.35,1139.85,1140.15,1140.05,1142.60,1186.00,509.25,8515426.00,9729744009.85,175511.00
23-Nov-20,1105.00,1144.80,1101.95,1103.35,1138.50,1139.85,1128.46,1186.00,509.25,10546363.00,11901155594.05,200221.00
20-Nov-20,1106.00,1109.00,1091.10,1096.75,1104.45,1103.35,1101.92,1186.00,509.25,8063554.00,8885377125.80,199981.00
19-Nov-20,1100.00,1114.70,1093.80,1110.55,1097.00,1096.75,1102.13,1186.00,509.25,10092343.00,11123110241.35,179639.00
18-Nov-20,1128.50,1132.70,1101.45,1123.70,1111.25,1110.55,1111.01,1186.00,509.25,9839468.00,10931765778.50,168106.00
17-Nov-20,1144.75,1145.00,1112.65,1133.45,1125.25,1123.70,1122.20,1186.00,509.25,12813968.00,14379842098.00,190186.00
14-Nov-20,1137.00,1139.65,1131.10,1124.20,1134.00,1133.45,1134.22,1186.00,509.25,1136144.00,1288640516.00,41663.00
13-Nov-20,1120.00,1133.00,1117.00,1117.75,1123.45,1124.20,1124.07,1186.00,509.25,6363212.00,7152675712.65,105048.00
12-Nov-20,1128.10,1142.00,1113.75,1122.50,1119.60,1117.75,1123.99,1186.00,509.25,9180976.00,10319310973.00,196511.00
11-Nov-20,1096.00,1126.35,1087.00,1091.05,1123.50,1122.50,1108.04,1186.00,509.25,12514800.00,13866920724.70,254701.00
10-Nov-20,1113.85,1113.85,1078.00,1136.55,1093.90,1091.05,1093.14,1186.00,509.25,15622869.00,17077941182.65,395983.00
9-Nov-20,1129.30,1146.00,1121.15,1112.75,1135.10,1136.55,1133.25,1186.00,509.25,10160320.00,11514169317.70,202222.00
6-Nov-20,1108.00,1121.10,1091.70,1104.00,1119.00,1112.75,1101.98,1186.00,509.25,8807127.00,9705243123.55,154736.00
5-Nov-20,1109.90,1123.00,1099.00,1093.95,1104.95,1104.00,1108.49,1186.00,509.25,9568890.00,10607037968.05,181645.00
4-Nov-20,1068.00,1116.00,1066.80,1062.55,1094.75,1093.95,1097.09,1186.00,509.25,15702690.00,17227273081.60,307084.00
3-Nov-20,1072.00,1079.40,1057.50,1072.30,1062.00,1062.55,1066.37,1186.00,509.25,7204782.00,7682963162.75,172016.00
2-Nov-20,1065.00,1079.95,1051.10,1060.60,1068.70,1072.30,1066.94,1186.00,509.25,7183119.00,7663961600.20,137700.00
30-Oct-20,1072.00,1083.60,1052.35,1074.85,1060.40,1060.60,1064.99,1186.00,509.25,8800436.00,9372342225.30,164698.00
29-Oct-20,1070.00,1082.00,1060.10,1076.55,1073.00,1074.85,1071.68,1186.00,509.25,6935804.00,7432955729.10,140609.00
28-Oct-20,1095.50,1104.75,1070.05,1090.85,1077.50,1076.55,1086.00,1186.00,509.25,7608413.00,8262761209.15,180559.00
27-Oct-20,1105.70,1109.70,1077.15,1112.45,1094.50,1090.85,1089.56,1186.00,509.25,10172530.00,11083562405.55,261137.00
26-Oct-20,1122.25,1129.60,1103.15,1122.50,1114.20,1112.45,1115.89,1186.00,509.25,6309643.00,7040841830.20,133779.00
23-Oct-20,1133.00,1135.00,1120.15,1129.05,1122.40,1122.50,1125.55,1186.00,509.25,9070121.00,10208894083.15,152888.00
22-Oct-20,1142.00,1158.00,1123.80,1148.35,1135.35,1129.05,1138.64,1186.00,509.25,11271538.00,12834266054.15,264809.00
21-Oct-20,1141.15,1154.35,1135.00,1137.50,1146.75,1148.35,1147.11,1186.00,509.25,19811809.00,22726337788.25,283354.00
20-Oct-20,1118.90,1144.70,1110.00,1125.90,1135.90,1137.50,1136.69,1186.00,509.25,10448852.00,11877155840.10,209442.00
19-Oct-20,1135.00,1139.00,1115.30,1127.50,1127.55,1125.90,1125.00,1186.00,509.25,12902146.00,14514954126.60,215472.00
16-Oct-20,1113.85,1135.95,1096.90,1108.25,1129.50,1127.50,1118.76,1186.00,509.25,18366133.00,20547237503.45,311640.00
15-Oct-20,1180.00,1186.00,1092.50,1137.00,1113.25,1108.25,1128.17,1186.00,509.25,44288566.00,49965128163.80,697193.00
14-Oct-20,1162.00,1164.90,1131.10,1157.80,1138.00,1137.00,1144.19,1166.05,509.25,16649731.00,19050428946.65,279112.00
13-Oct-20,1135.55,1166.05,1135.55,1132.10,1160.00,1157.80,1149.41,1166.05,509.25,17524137.00,20142492307.75,316392.00
12-Oct-20,1123.00,1140.00,1112.10,1106.80,1139.20,1132.10,1125.50,1140.00,509.25,14633780.00,16470282643.35,191485.00
9-Oct-20,1095.10,1113.30,1088.45,1093.70,1111.20,1106.80,1100.16,1124.00,509.25,10567955.00,11626421246.95,173995.00
8-Oct-20,1090.00,1124.00,1088.40,1066.55,1094.50,1093.70,1105.97,1124.00,509.25,21483024.00,23759656745.85,386362.00
7-Oct-20,1044.90,1072.00,1035.50,1055.75,1070.10,1066.55,1053.29,1072.00,509.25,9284060.00,9778824469.40,176585.00
6-Oct-20,1055.00,1060.00,1031.35,1048.70,1056.45,1055.75,1044.46,1060.00,509.25,9090819.00,9494983883.60,205608.00
5-Oct-20,1018.05,1054.90,1018.05,1017.65,1047.60,1048.70,1043.67,1054.90,509.25,14212560.00,14833226246.60,239001.00
1-Oct-20,1020.60,1026.50,1011.75,1008.25,1018.70,1017.65,1016.40,1037.00,509.25,5563432.00,5654650743.35,122973.00
30-Sep-20,1009.00,1023.95,1005.00,1009.00,1006.00,1008.25,1011.93,1037.00,509.25,8049899.00,8145908489.85,141642.00
29-Sep-20,1018.00,1028.00,1004.10,1010.40,1013.85,1009.00,1016.65,1037.00,509.25,8708572.00,8853558129.85,184552.00
28-Sep-20,1014.80,1016.15,998.50,1011.45,1010.90,1010.40,1004.87,1037.00,509.25,8554583.00,8596234609.15,165917.00
25-Sep-20,975.80,1014.90,975.00,975.40,1006.60,1011.45,998.29,1037.00,509.25,13311079.00,13288352061.75,230269.00
24-Sep-20,1003.00,1009.00,970.00,1019.75,977.75,975.40,986.71,1037.00,509.25,14427463.00,14235738439.90,273411.00
23-Sep-20,1020.15,1037.00,1008.10,1007.50,1019.85,1019.75,1024.08,1037.00,509.25,13486274.00,13810988923.25,258509.00
22-Sep-20,1009.00,1022.50,991.20,1009.90,1008.00,1007.50,1007.79,1031.00,509.25,12625775.00,12724148446.15,307283.00
21-Sep-20,1001.00,1031.00,1000.50,1002.15,1007.00,1009.90,1019.34,1031.00,509.25,14140790.00,14414221200.50,284118.00
18-Sep-20,1011.00,1018.80,999.10,1011.00,1003.40,1002.15,1007.23,1021.00,509.25,12897897.00,12991132019.30,228827.00
17-Sep-20,995.00,1021.00,995.00,1001.75,1011.00,1011.00,1010.52,1021.00,509.25,15628308.00,15792764185.70,340784.00
16-Sep-20,986.00,1005.65,982.00,982.45,1001.80,1001.75,991.46,1005.65,509.25,10059392.00,9973473916.20,239939.00
15-Sep-20,979.50,994.00,971.65,978.40,981.40,982.45,982.27,994.00,509.25,11608223.00,11402371128.65,252665.00
14-Sep-20,957.00,991.05,948.30,945.70,975.00,978.40,976.06,991.05,509.25,21871591.00,21347911659.75,342353.00
11-Sep-20,934.90,954.15,931.00,940.05,944.50,945.70,945.41,986.45,509.25,6672082.00,6307865395.75,124065.00
10-Sep-20,935.30,942.00,924.80,927.75,939.65,940.05,934.08,986.45,509.25,5172091.00,4831122431.90,101735.00
9-Sep-20,935.00,946.00,926.00,939.30,928.20,927.75,933.78,986.45,509.25,5529150.00,5163032076.50,133068.00
8-Sep-20,929.95,952.00,925.55,925.05,938.80,939.30,942.77,986.45,509.25,12892115.00,12154247390.25,200293.00
7-Sep-20,918.90,927.55,913.05,919.15,925.55,925.05,921.27,986.45,509.25,6700450.00,6172952176.90,101639.00
4-Sep-20,915.00,929.50,914.45,935.55,920.50,919.15,921.81,986.45,509.25,8650414.00,7974078250.95,146258.00
3-Sep-20,926.50,949.40,924.00,924.00,935.20,935.55,937.36,986.45,509.25,8828016.00,8275049706.35,130511.00
2-Sep-20,915.00,926.40,913.50,914.15,923.60,924.00,920.90,986.45,509.25,5678696.00,5229493200.00,105709.00
1-Sep-20,926.25,935.00,912.10,928.60,917.95,914.15,921.79,986.45,509.25,6907783.00,6367507047.55,117189.00
31-Aug-20,935.25,950.50,914.60,935.25,919.70,928.60,933.36,986.45,509.25,12808369.00,11954811845.40,206060.00
28-Aug-20,951.45,952.50,933.05,947.05,935.05,935.25,940.50,986.45,509.25,7593988.00,7142134781.30,180829.00
27-Aug-20,960.00,960.95,945.20,950.80,950.80,947.05,952.03,986.45,509.25,6154300.00,5859108364.45,124639.00
26-Aug-20,941.25,954.25,938.40,938.10,953.50,950.80,945.03,986.45,509.25,5153663.00,4870349606.40,114894.00
25-Aug-20,947.50,948.65,933.60,947.40,938.60,938.10,940.65,986.45,509.25,6233923.00,5863927589.80,105761.00
24-Aug-20,947.00,952.00,939.20,948.80,948.55,947.40,946.24,986.45,509.25,5798579.00,5486819045.35,153799.00
21-Aug-20,963.05,963.45,946.55,955.15,949.80,948.80,951.89,986.45,509.25,6513784.00,6200435488.95,123340.00
20-Aug-20,958.90,965.50,951.30,959.30,951.80,955.15,957.55,986.45,509.25,5656667.00,5416530383.70,123695.00
19-Aug-20,970.90,971.55,957.45,967.55,960.00,959.30,963.05,986.45,509.25,6622744.00,6378066100.85,125391.00
18-Aug-20,963.90,969.20,958.70,957.50,967.10,967.55,964.28,986.45,509.25,6142171.00,5922744205.10,119041.00
17-Aug-20,954.10,972.45,954.10,953.60,958.30,957.50,962.38,986.45,509.25,9008716.00,8669769419.80,140270.00
14-Aug-20,955.85,963.00,952.05,951.20,954.50,953.60,957.20,986.45,509.25,4663873.00,4464257395.40,88402.00
13-Aug-20,954.80,968.50,948.25,954.95,952.30,951.20,956.51,986.45,509.25,5097705.00,4876025984.20,87144.00
12-Aug-20,948.00,958.80,942.20,948.45,952.85,954.95,950.21,986.45,509.25,6908732.00,6564723271.45,89286.00
11-Aug-20,949.90,962.00,946.10,951.35,950.50,948.45,953.42,986.45,509.25,6802508.00,6485671474.65,92778.00
10-Aug-20,948.90,956.80,945.30,950.90,950.55,951.35,952.75,986.45,509.25,5716472.00,5446342904.05,102663.00
7-Aug-20,969.45,969.45,949.00,970.85,951.65,950.90,955.24,986.45,509.25,8010973.00,7652389955.25,159251.00
6-Aug-20,953.50,974.40,942.50,944.70,972.00,970.85,962.12,986.45,509.25,10976523.00,10560771158.20,202937.00
5-Aug-20,952.00,960.95,938.30,949.85,944.50,944.70,947.70,986.45,509.25,9616176.00,9113224804.75,170591.00
4-Aug-20,960.45,970.70,940.55,956.90,952.00,949.85,949.99,986.45,509.25,11133259.00,10576516986.20,166839.00
3-Aug-20,960.00,965.40,947.45,966.00,955.30,956.90,954.94,986.45,509.25,8480166.00,8098076651.40,164566.00
31-Jul-20,969.25,986.45,953.30,961.45,967.75,966.00,971.12,986.45,509.25,12704359.00,12337423707.70,195979.00
30-Jul-20,962.00,972.65,958.75,954.15,962.15,961.45,965.59,972.65,509.25,12492569.00,12062741576.70,222807.00
29-Jul-20,953.25,960.00,943.60,962.85,951.95,954.15,952.22,967.55,509.25,11152710.00,10619817805.65,212215.00
28-Jul-20,946.00,967.55,941.20,948.45,960.60,962.85,953.58,967.55,509.25,15819466.00,15085058374.45,220010.00
27-Jul-20,921.55,952.80,918.65,922.85,947.15,948.45,939.16,955.50,509.25,16828218.00,15804436676.55,278528.00
24-Jul-20,903.25,925.75,903.25,907.95,921.20,922.85,915.28,955.50,509.25,18209670.00,16666989753.65,240036.00
23-Jul-20,915.65,915.80,900.65,917.90,911.25,907.95,907.32,955.50,509.25,13052804.00,11843097055.65,203420.00
22-Jul-20,938.95,939.00,910.00,936.75,919.25,917.90,921.44,955.50,509.25,14354421.00,13226774280.80,191180.00
21-Jul-20,945.00,949.70,929.20,934.30,937.35,936.75,937.15,955.50,509.25,12877814.00,12068383201.45,209340.00
20-Jul-20,908.50,945.00,906.75,903.15,942.95,934.30,921.63,955.50,509.25,18421083.00,16977458352.50,242092.00
17-Jul-20,911.00,919.90,892.15,911.00,905.65,903.15,903.73,955.50,509.25,31682904.00,28632889196.35,432265.00
16-Jul-20,900.10,955.50,894.25,830.95,910.00,911.00,920.45,955.50,509.25,90433393.00,83239052701.35,936612.00
15-Jul-20,799.00,848.45,794.80,783.25,833.95,830.95,828.95,848.45,509.25,30060998.00,24919080835.20,376383.00
14-Jul-20,792.95,806.40,781.35,797.05,784.95,783.25,794.38,847.00,509.25,8961822.00,7119121563.15,139180.00
13-Jul-20,788.00,805.35,786.05,781.85,796.10,797.05,797.65,847.00,509.25,10804911.00,8618519870.00,150013.00
10-Jul-20,773.50,789.90,773.50,781.70,779.90,781.85,782.38,847.00,509.25,5206452.00,4073445025.55,94276.00
9-Jul-20,780.00,790.00,775.00,774.70,782.05,781.70,781.17,847.00,509.25,6854196.00,5354314427.50,130712.00
8-Jul-20,784.90,784.90,772.20,794.15,774.50,774.70,778.55,847.00,509.25,8476675.00,6599550757.35,145325.00
7-Jul-20,769.40,796.95,765.55,764.00,789.90,794.15,785.79,847.00,509.25,19362666.00,15215059540.35,321825.00
6-Jul-20,765.20,775.00,761.50,762.70,764.40,764.00,768.11,847.00,509.25,8811009.00,6767835779.25,180660.00
3-Jul-20,755.00,764.00,752.50,756.60,762.15,762.70,759.35,847.00,509.25,7796573.00,5920349096.50,148320.00
2-Jul-20,737.35,765.45,735.40,731.90,756.00,756.60,756.33,847.00,509.25,17263764.00,13057143719.20,207044.00
1-Jul-20,737.25,742.30,729.75,735.95,730.85,731.90,736.05,847.00,509.25,5477687.00,4031836579.90,101474.00
30-Jun-20,732.80,738.95,724.25,731.75,733.70,735.95,733.74,847.00,509.25,10411347.00,7639234132.75,140340.00
29-Jun-20,735.40,744.70,730.10,748.20,731.40,731.75,735.05,847.00,509.25,8954490.00,6582024856.20,128524.00
26-Jun-20,710.20,751.60,710.00,700.50,747.00,748.20,740.04,847.00,509.25,26030535.00,19263536479.45,378564.00
25-Jun-20,704.85,705.60,693.50,714.15,700.70,700.50,700.31,847.00,509.25,14945304.00,10466323460.00,214685.00
24-Jun-20,716.90,726.80,709.40,720.65,715.25,714.15,717.48,847.00,509.25,10220908.00,7333276139.65,147819.00
23-Jun-20,695.70,724.50,692.10,703.70,720.00,720.65,713.34,847.00,509.25,12157486.00,8672464910.20,203759.00
22-Jun-20,707.10,708.70,700.00,705.55,703.45,703.70,702.88,847.00,509.25,7804139.00,5485377026.20,145862.00
19-Jun-20,709.00,711.90,701.00,713.90,708.15,705.55,704.87,847.00,509.25,22438873.00,15816432219.65,266933.00
18-Jun-20,708.20,716.60,706.00,703.65,713.40,713.90,711.84,847.00,509.25,6670206.00,4748091716.40,174646.00
17-Jun-20,699.90,710.30,698.00,701.20,704.60,703.65,705.40,847.00,509.25,7291919.00,5143752646.30,136959.00
16-Jun-20,702.00,712.00,699.15,687.55,700.00,701.20,705.08,847.00,509.25,10132423.00,7144207775.05,170413.00
15-Jun-20,693.00,704.40,685.25,692.05,688.05,687.55,692.55,847.00,509.25,7857344.00,5441612326.85,105262.00
12-Jun-20,675.80,695.15,675.50,703.95,691.00,692.05,686.35,847.00,509.25,9796064.00,6723519557.80,165667.00
11-Jun-20,712.00,713.40,700.25,715.85,703.80,703.95,707.70,847.00,509.25,8825914.00,6246123985.50,140529.00
10-Jun-20,715.00,719.45,709.20,717.60,714.95,715.85,715.57,847.00,509.25,7263272.00,5197377191.25,121854.00
9-Jun-20,720.00,729.60,715.05,720.85,715.05,717.60,721.62,847.00,509.25,10078863.00,7273061785.45,173628.00
8-Jun-20,707.65,725.80,704.00,703.55,722.05,720.85,718.75,847.00,509.25,10719124.00,7704389372.55,180849.00
5-Jun-20,707.00,711.70,700.60,707.75,704.75,703.55,705.80,847.00,509.25,7718943.00,5448030851.95,124734.00
4-Jun-20,702.00,709.45,697.50,701.55,707.05,707.75,704.17,847.00,509.25,10783594.00,7593495551.30,134508.00
3-Jun-20,710.70,711.90,696.00,708.10,702.85,701.55,702.71,847.00,509.25,11378568.00,7995869972.15,179242.00
2-Jun-20,700.50,711.65,697.55,699.55,708.20,708.10,706.32,847.00,509.25,7059409.00,4986183795.25,123937.00
1-Jun-20,698.75,706.65,691.50,691.00,699.55,699.55,700.27,847.00,509.25,12276649.00,8596981339.80,166839.00
29-May-20,692.50,700.80,674.95,707.40,692.00,691.00,690.78,847.00,509.25,28291172.00,19543032832.05,241793.00
28-May-20,707.00,710.00,690.00,705.45,706.00,707.40,699.96,847.00,509.25,9440121.00,6607699864.30,141590.00
27-May-20,686.05,709.20,675.00,680.55,706.20,705.45,693.83,847.00,509.25,8774694.00,6088143746.40,155415.00
26-May-20,693.00,699.45,679.00,692.35,681.30,680.55,689.51,847.00,509.25,7099719.00,4895318483.95,122600.00
22-May-20,675.00,695.85,673.50,672.20,692.00,692.35,688.38,847.00,509.25,11867864.00,8169629532.35,201776.00
21-May-20,666.50,679.45,665.40,669.55,673.00,672.20,672.37,847.00,509.25,7214401.00,4850780460.30,122009.00
20-May-20,668.50,673.00,659.65,668.60,666.00,669.55,666.46,847.00,509.25,5795193.00,3862248243.90,104746.00
19-May-20,664.00,674.80,655.00,663.90,670.00,668.60,668.12,847.00,509.25,5902238.00,3943378544.20,121850.00
18-May-20,659.85,670.55,653.00,652.30,659.60,663.90,663.53,847.00,509.25,10435495.00,6924280885.05,160262.00
15-May-20,664.80,664.80,646.70,658.15,652.30,652.30,652.46,847.00,509.25,9255353.00,6038757599.40,159733.00
14-May-20,659.00,671.75,652.60,694.15,658.20,658.15,662.77,847.00,509.25,16888356.00,11193113875.85,284577.00
13-May-20,694.80,699.90,683.75,687.65,693.75,694.15,693.94,847.00,509.25,8287106.00,5750758216.45,156513.00
12-May-20,678.50,691.00,675.50,682.90,687.00,687.65,684.84,847.00,509.25,7356063.00,5037715533.35,165655.00
11-May-20,682.50,698.55,678.00,674.20,683.75,682.90,688.95,847.00,509.25,7370192.00,5077673283.60,157658.00
8-May-20,672.25,680.90,668.50,664.95,676.00,674.20,674.96,847.00,509.25,8400376.00,5669937480.30,206669.00
7-May-20,665.55,674.35,662.45,665.90,666.70,664.95,668.79,847.00,509.25,4779550.00,3196499216.80,93851.00
6-May-20,676.90,681.45,664.05,673.70,667.00,665.90,671.02,847.00,509.25,7934457.00,5324157713.35,211094.00
5-May-20,681.75,685.60,670.00,673.70,674.50,673.70,679.28,847.00,509.25,6393108.00,4342730627.00,132076.00
4-May-20,689.80,701.20,670.35,715.50,675.15,673.70,686.15,847.00,509.25,9122803.00,6259591492.80,177978.00
30-Apr-20,700.00,720.00,698.10,676.55,715.05,715.50,711.47,847.00,509.25,16254036.00,11564226725.75,277142.00
29-Apr-20,666.00,682.00,658.00,660.70,678.00,676.55,671.94,847.00,509.25,8639246.00,5805084866.05,175742.00
28-Apr-20,673.00,677.00,653.05,664.60,664.05,660.70,659.88,847.00,509.25,7296594.00,4814874278.60,128788.00
27-Apr-20,661.05,681.00,661.05,658.00,665.10,664.60,670.63,847.00,509.25,7183316.00,4817370467.65,143869.00
24-Apr-20,668.55,675.00,654.80,679.30,660.95,658.00,662.50,847.00,509.25,7319950.00,4849470612.45,162251.00
23-Apr-20,647.05,683.65,638.10,641.85,675.00,679.30,665.09,847.00,509.25,14451294.00,9611440870.60,225884.00
22-Apr-20,633.20,645.00,628.05,633.20,641.50,641.85,639.85,847.00,509.25,8267159.00,5289759466.35,148917.00
21-Apr-20,627.80,646.50,627.80,653.30,633.00,633.20,638.34,847.00,509.25,11660678.00,7443524923.00,195803.00
20-Apr-20,640.00,661.00,639.00,628.75,650.95,653.30,653.71,847.00,509.25,13322995.00,8709344590.30,220363.00
17-Apr-20,644.00,646.00,626.00,623.85,634.20,628.75,633.50,847.00,509.25,8878372.00,5624422628.20,220448.00
16-Apr-20,619.95,634.90,603.50,639.05,626.90,623.85,620.50,847.00,509.25,17783310.00,11034508894.50,254606.00
15-Apr-20,651.40,653.30,635.60,637.40,640.00,639.05,645.85,847.00,509.25,11963493.00,7726657236.85,278339.00
13-Apr-20,629.00,651.70,626.05,636.25,637.00,637.40,641.21,847.00,509.25,8330291.00,5341425789.00,232090.00
9-Apr-20,646.80,652.80,632.10,631.60,635.60,636.25,640.28,847.00,509.25,11931287.00,7639338597.25,232901.00
8-Apr-20,630.00,655.65,626.35,639.00,632.25,631.60,637.44,847.00,509.25,11806901.00,7526162135.55,235881.00
7-Apr-20,615.00,644.25,612.90,585.70,633.80,639.00,627.65,847.00,509.25,15146526.00,9506714566.30,260480.00
3-Apr-20,603.50,606.00,582.15,602.80,588.50,585.70,592.53,847.00,509.25,10221890.00,6056725607.95,261228.00
1-Apr-20,634.35,637.50,594.00,641.50,603.90,602.80,611.89,847.00,509.25,13083865.00,8005888360.85,379235.00
31-Mar-20,650.00,662.00,633.70,626.70,639.60,641.50,647.80,847.00,509.25,15175528.00,9830768498.10,279311.00
30-Mar-20,625.10,663.50,621.10,652.70,623.80,626.70,638.82,847.00,509.25,14625720.00,9343228363.50,230047.00
27-Mar-20,665.05,674.90,642.25,643.00,655.00,652.70,653.79,847.00,509.25,13495469.00,8823242465.25,262091.00
26-Mar-20,615.00,650.85,612.10,606.20,640.00,643.00,638.74,847.00,509.25,14868843.00,9497347855.35,291975.00
25-Mar-20,597.00,635.00,565.70,589.80,607.00,606.20,596.75,847.00,509.25,18339650.00,10944193384.35,429544.00
24-Mar-20,522.00,601.15,522.00,526.45,600.00,589.80,572.73,847.00,509.25,20029537.00,11471457437.10,434375.00
23-Mar-20,540.00,560.95,515.90,585.20,529.15,526.45,531.33,847.00,509.25,17146303.00,9110393752.80,258952.00
20-Mar-20,549.50,617.45,548.00,545.55,580.90,585.20,585.10,847.00,509.25,21356183.00,12495510370.85,407561.00
19-Mar-20,509.25,558.00,509.25,534.30,551.80,545.55,540.83,847.00,509.25,16584106.00,8969244995.00,313532.00
18-Mar-20,568.00,578.00,528.00,554.95,531.70,534.30,552.92,847.00,528.00,15391568.00,8510344347.20,235885.00
17-Mar-20,588.10,592.00,550.00,583.15,560.00,554.95,571.99,847.00,550.00,16060126.00,9186285698.00,359329.00
16-Mar-20,622.00,622.15,580.00,642.35,583.20,583.15,597.37,847.00,570.00,19140854.00,11434179964.35,462293.00
13-Mar-20,592.00,667.00,570.00,631.20,652.15,642.35,629.00,847.00,570.00,16903140.00,10632077962.50,286353.00
12-Mar-20,668.00,670.00,627.50,686.00,631.00,631.20,644.47,847.00,615.10,13965689.00,9000417645.15,265786.00
11-Mar-20,690.65,695.95,669.05,704.45,682.15,686.00,685.87,847.00,615.10,16165054.00,11087131348.55,233010.00
9-Mar-20,724.50,725.85,697.00,738.95,706.40,704.45,705.63,847.00,615.10,10308697.00,7274162430.10,180848.00
6-Mar-20,741.00,744.00,729.10,754.60,739.00,738.95,738.53,847.00,615.10,9216022.00,6806310521.15,147517.00
5-Mar-20,763.75,773.55,751.75,758.75,754.15,754.60,763.70,847.00,615.10,7755293.00,5922737656.50,124093.00
4-Mar-20,753.90,761.50,745.55,747.00,758.00,758.75,753.23,847.00,615.10,11013444.00,8295623046.90,155822.00
3-Mar-20,755.00,759.00,741.25,741.05,751.00,747.00,749.09,847.00,615.10,7826587.00,5862836380.75,136066.00
2-Mar-20,737.00,765.90,733.75,731.70,739.40,741.05,750.99,847.00,615.10,9821523.00,7375861532.00,155968.00
28-Feb-20,750.00,756.80,722.05,777.85,732.00,731.70,738.68,847.00,615.10,14123957.00,10433101671.40,277778.00
27-Feb-20,778.00,780.75,772.20,782.75,776.55,777.85,777.16,847.00,615.10,5223386.00,4059425154.50,100716.00
26-Feb-20,793.95,801.45,780.50,798.40,782.25,782.75,791.65,847.00,615.10,8760569.00,6935314353.15,168481.00
25-Feb-20,799.00,806.00,795.40,795.85,799.50,798.40,799.93,847.00,615.10,6996695.00,5596900401.25,114637.00
24-Feb-20,800.10,811.60,792.15,797.00,795.90,795.85,804.05,847.00,615.10,6627536.00,5328879149.90,130286.00
20-Feb-20,803.25,806.10,793.85,800.45,796.80,797.00,800.74,847.00,615.10,4564569.00,3655039598.50,94252.00
19-Feb-20,800.00,804.85,796.15,797.65,800.40,800.45,799.62,847.00,615.10,3985192.00,3186637946.20,79345.00
18-Feb-20,785.00,799.05,783.65,789.45,798.50,797.65,793.27,847.00,615.10,5083346.00,4032462343.75,103674.00
17-Feb-20,790.30,793.45,783.30,786.45,788.85,789.45,789.21,847.00,615.10,2929629.00,2312085827.25,69780.00
14-Feb-20,794.50,799.20,784.60,792.25,786.30,786.45,791.78,847.00,615.10,5321680.00,4213573742.60,103460.00
13-Feb-20,785.00,794.00,782.20,781.05,792.50,792.25,787.51,847.00,615.10,4387430.00,3455129906.00,80876.00
12-Feb-20,775.80,783.25,775.10,773.55,780.80,781.05,780.73,847.00,615.10,2948825.00,2302228797.45,80507.00
11-Feb-20,779.00,779.10,769.20,773.20,775.00,773.55,773.48,847.00,615.10,4312817.00,3335859222.95,83764.00
10-Feb-20,774.00,778.00,769.75,777.30,773.00,773.20,772.86,847.00,615.10,3827682.00,2958264287.05,50917.00
7-Feb-20,775.95,778.85,771.00,771.35,776.00,777.30,775.80,847.00,615.10,2853344.00,2213620887.90,53815.00
6-Feb-20,784.35,786.80,770.00,784.55,772.00,771.35,775.78,847.00,615.10,7341622.00,5695512989.35,133662.00
5-Feb-20,781.00,786.00,774.40,787.85,784.50,784.55,779.33,847.00,615.10,6310409.00,4917872804.05,142904.00
4-Feb-20,770.10,789.90,770.10,767.40,788.10,787.85,781.11,847.00,615.10,5771311.00,4508019532.10,126688.00
3-Feb-20,782.00,790.95,764.50,779.50,767.10,767.40,771.38,847.00,615.10,6416745.00,4949738299.40,132708.00
1-Feb-20,775.10,791.25,769.25,775.95,777.00,779.50,779.56,847.00,615.10,5104062.00,3978923966.60,105374.00
31-Jan-20,780.55,784.95,771.60,780.70,777.70,775.95,776.84,847.00,615.10,6092028.00,4732547586.75,72176.00
30-Jan-20,789.70,789.70,778.00,789.70,780.60,780.70,781.35,847.00,615.10,3859680.00,3015775801.15,98962.00
29-Jan-20,786.60,792.80,784.25,778.00,790.00,789.70,787.87,847.00,615.10,6832757.00,5383335132.00,83287.00
28-Jan-20,781.00,781.80,772.00,778.10,778.00,778.00,775.99,847.00,615.10,5121009.00,3973833551.80,108248.00
27-Jan-20,779.05,784.80,774.40,782.75,778.05,778.10,778.05,847.00,615.10,3741610.00,2911159552.35,102550.00
24-Jan-20,775.75,786.50,773.60,784.35,783.00,782.75,779.20,847.00,615.10,7540490.00,5875559436.25,131263.00
23-Jan-20,777.10,785.50,776.70,770.20,782.35,784.35,781.01,847.00,615.10,12528017.00,9784566374.55,197205.00
22-Jan-20,768.45,778.00,766.00,762.50,769.80,770.20,771.58,847.00,615.10,9733935.00,7510499147.55,148501.00
21-Jan-20,768.45,770.50,760.75,768.45,761.15,762.50,764.09,847.00,615.10,4448374.00,3398977857.25,83703.00
20-Jan-20,771.60,774.40,762.95,767.85,768.85,768.45,767.06,847.00,615.10,3887680.00,2982074923.85,81096.00
17-Jan-20,770.70,772.90,762.25,767.00,767.45,767.85,766.35,847.00,615.10,3762957.00,2883743849.90,98313.00
16-Jan-20,770.70,772.50,760.25,767.55,767.20,767.00,766.35,847.00,615.10,5740586.00,4399309408.85,93520.00
15-Jan-20,773.85,773.85,762.15,775.65,766.30,767.55,766.99,847.00,615.10,6047430.00,4638298219.05,96319.00
14-Jan-20,769.95,776.95,767.20,773.55,775.50,775.65,772.12,847.00,615.10,11414418.00,8813264899.15,289583.00
13-Jan-20,760.00,777.50,755.00,738.15,772.50,773.55,769.14,847.00,615.10,36952038.00,28421129304.65,753340.00
10-Jan-20,740.45,742.90,730.50,727.55,740.00,738.15,737.69,847.00,615.10,9341405.00,6891078451.30,145267.00
9-Jan-20,721.70,731.50,714.30,718.20,727.60,727.55,724.60,847.00,615.10,13521186.00,9797455291.55,161064.00
8-Jan-20,724.95,729.00,708.30,727.90,718.90,718.20,717.84,847.00,615.10,8639443.00,6201707522.40,232857.00
7-Jan-20,738.00,742.60,725.10,738.85,729.30,727.90,734.63,847.00,615.10,7899363.00,5803119824.55,189680.00
6-Jan-20,746.10,753.80,736.50,746.00,738.50,738.85,743.51,847.00,615.10,6519403.00,4847236982.15,129992.00
3-Jan-20,733.90,748.00,733.90,734.70,745.00,746.00,744.67,847.00,615.10,7882938.00,5870173302.35,105632.00
2-Jan-20,738.90,740.80,730.90,736.85,735.75,734.70,735.22,847.00,615.10,5658200.00,4160025335.75,102483.00
1-Jan-20,735.00,740.00,732.55,731.15,739.35,736.85,735.35,847.00,615.10,2112415.00,1553368748.80,36769.00
31-Dec-19,729.70,737.75,725.45,732.90,732.00,731.15,732.75,847.00,615.10,6927885.00,5076419897.30,156522.00
30-Dec-19,736.10,737.95,727.25,736.95,732.50,732.90,732.53,847.00,615.10,5368416.00,3932522164.05,115398.00
27-Dec-19,729.75,737.50,728.85,728.95,736.55,736.95,734.36,847.00,615.10,3399094.00,2496171888.65,65467.00
26-Dec-19,732.00,734.55,726.55,733.40,729.50,728.95,730.42,847.00,615.10,3821806.00,2791528460.65,48763.00
24-Dec-19,736.95,736.95,728.30,736.00,734.25,733.40,732.75,847.00,615.10,2890759.00,2118192660.85,50306.00
23-Dec-19,732.15,737.30,731.65,731.55,735.95,736.00,734.61,847.00,615.10,4975608.00,3655128113.45,80052.00
20-Dec-19,731.00,735.00,728.25,730.85,730.00,731.55,731.45,847.00,615.10,7794167.00,5701077059.75,131404.00
19-Dec-19,733.50,735.95,724.60,732.45,732.00,730.85,729.59,847.00,615.10,7199210.00,5252474994.35,165219.00
18-Dec-19,731.00,737.30,722.75,729.70,733.40,732.45,732.13,847.00,615.10,12215295.00,8943242214.25,210673.00
17-Dec-19,719.70,731.25,715.00,714.00,730.50,729.70,726.51,847.00,615.10,10525565.00,7646917889.85,193372.00
16-Dec-19,712.30,720.20,710.20,711.30,714.25,714.00,715.89,847.00,615.10,5616324.00,4020694131.10,116838.00
13-Dec-19,700.35,712.90,700.35,702.10,711.50,711.30,708.50,847.00,615.10,10302412.00,7299214569.75,132030.00
12-Dec-19,718.50,720.70,699.55,721.05,702.10,702.10,706.03,847.00,615.10,11112042.00,7845417394.45,163350.00
11-Dec-19,716.60,722.70,713.00,714.55,720.00,721.05,718.49,847.00,615.10,6043554.00,4342244980.80,125702.00
10-Dec-19,713.00,718.50,710.00,717.25,713.45,714.55,715.42,847.00,615.10,4457939.00,3189284687.65,81372.00
9-Dec-19,716.00,722.35,714.25,715.10,716.05,717.25,718.66,847.00,615.10,6435865.00,4625177252.05,114112.00
6-Dec-19,715.95,720.00,709.60,714.85,714.50,715.10,715.43,847.00,615.10,5226096.00,3738886364.80,79319.00
5-Dec-19,706.45,715.90,703.80,708.85,714.10,714.85,712.06,847.00,615.10,4814422.00,3428139267.65,76989.00
4-Dec-19,697.00,710.50,693.35,698.35,708.25,708.85,706.09,847.00,615.10,7427886.00,5244767944.90,169304.00
3-Dec-19,692.70,699.70,688.55,692.70,699.00,698.35,696.23,847.00,615.10,5239013.00,3647553741.70,84499.00
2-Dec-19,703.10,704.00,690.30,696.35,692.75,692.70,693.51,847.00,615.10,9383736.00,6507684351.30,102880.00